====Input Arguments====
{
  "model_name": "/data/oss_bucket_0/kesi/genret/Qwen3-4B",
  "num_subnode": 10,
  "tree_depth": 2,
  "active_depth": 0,
  "dump_model_steps": 1000,
  "train_filename": "/data/oss_bucket_0/kesi/genret/dataset/musique/train.qg.jsonl",
  "dev_filename": "/data/oss_bucket_0/kesi/genret/dataset/musique/dev.jsonl",
  "corpus_filename": "/data/oss_bucket_0/kesi/genret/dataset/musique/corpus_lite.jsonl",
  "dev_corpus_filename": null,
  "doc_id_list_file": "/data/oss_bucket_0/kesi/genret/dataset/musique/doc_id_list.json",
  "save_path": "/data/oss_bucket_0/kesi/ircot/dumps/model_msq_qwen4b_read",
  "load_path": null,
  "epochs": 150,
  "sinkhorn_epsilon": 0.08,
  "split_group_size": 2,
  "i2c_temperature": 0.1,
  "leaf_temp": 0.05,
  "lr": 5e-05,
  "warmup_ratio": 0.01,
  "acc_thres": 0.9,
  "balance_thres": [
    1.3,
    2.5
  ],
  "doc_index_first": false,
  "remove_params": "",
  "local_rank": 0,
  "deepspeed_config": "ds_config.json",
  "cl_weight": 0.5,
  "leaf_cl_factor": 1,
  "leaf_node_size": 0,
  "max_doc_tokens": 128,
  "max_query_tokens": 128,
  "beam_size_limit": 8,
  "random_max_query_tokens": null,
  "num_workers": 4,
  "batch_size": 0,
  "beam_doc_topk": -1,
  "expand_doc_topk": 1,
  "min_p": 0.0,
  "improved_nce": false,
  "fn_threshold": 0.1,
  "max_balance_mode": false,
  "online_cot_bs": 64,
  "distributed_index": false,
  "index_gather_gloo": false,
  "split_thres": 100,
  "nce_margin": 0,
  "internal_swav_weight": 0.01,
  "single_node_dup": 1,
  "binary_leaf_loss": false,
  "no_internal_cl": false,
  "cot_weight": 1,
  "qa_cot_weight": 1,
  "leaf_cot_weight": -1,
  "inc_cotw": false,
  "query_mode": "non_cot",
  "attn_mask_4d": false,
  "teacher_assign_mode": false,
  "last_world_size": 8,
  "lr_decay_ratio": 1.0,
  "lr_cosine_decay_epochs": 10,
  "lr_min": 1e-06,
  "topk_leaf_node": 16,
  "leaf_expand_mode": "doc",
  "neg_query_ratio": 0.25,
  "vl_orig_tokens": 36,
  "vl_crop_tokens": 144,
  "vl_resize_raw": false,
  "random_img_ratio": -1,
  "doc_centric": true,
  "unfreeze_vit": false,
  "enable_deepstack_image": false,
  "ignore_pair_thres": 1,
  "kgcate_margin": 0.0,
  "leaf_cl_margin": 0.0,
  "hard_swav_label": false,
  "stable_tree_bs": 16,
  "auxio": false,
  "enable_graph_sinkhorn": false,
  "doc_sinkhorn_mode": false,
  "leaf_project_dim": 0,
  "sample_leaf_negative": true,
  "qa_mode": true,
  "train_sft_filename": "/data/oss_bucket_0/kesi/genret/dataset/musique/train_sft.jsonl",
  "dev_sft_filename": "/data/oss_bucket_0/kesi/genret/dataset/musique/dev_sft.jsonl",
  "qa_sft_batch_size": 8,
  "qa_sft_max_length": 1280,
  "attn_impl": "auto",
  "node_rank": 0,
  "node_size": 8,
  "split_group_world_size": 4,
  "split_group_id": 0,
  "cot_prompt": "Instruct:Given a web search query, retrieve relevant passages that answer the query\nQuery:%s"
}
[INFO] num_token_added:12 vl_mode=False
[INFO] Using attn_implementation=flash_attention_2
[INFO] split_group=0/2 ranks=[0, 1, 2, 3]
[INFO] QA SFT rows=205155 batches=3206
[INFO] QA dev SFT rows=27770 batches=434
[INFO] training mode=SFT only; retrieval data, tree updates, and retrieval evaluation are disabled
[INFO] start pure SFT epoch=0 num_batch=3206
[training info] mode=sft epoch=0 step=0/3206 metrics=cnt=1
total_loss=2.66
qa_cot_loss=2.66
qa_sft_tokens=782.00
qa_main_sft_loss=2.81
qa_main_sft_tokens=724.00
qa_relevance_sft_loss=0.79
qa_relevance_sft_tokens=58.00
lr=1.560e-08
[training info] mode=sft epoch=0 step=10/3206 metrics=cnt=10
total_loss=2.51
qa_cot_loss=2.51
qa_sft_tokens=807.70
qa_main_sft_loss=2.82
qa_main_sft_tokens=710.50
qa_relevance_sft_loss=0.54
qa_relevance_sft_tokens=97.20
lr=1.716e-07
[training info] mode=sft epoch=0 step=50/3206 metrics=cnt=40
total_loss=1.93
qa_cot_loss=1.93
qa_sft_tokens=726.30
qa_main_sft_loss=2.22
qa_main_sft_tokens=633.75
qa_relevance_sft_loss=0.28
qa_relevance_sft_tokens=92.55
lr=7.954e-07
[training info] mode=sft epoch=0 step=100/3206 metrics=cnt=50
total_loss=0.97
qa_cot_loss=0.97
qa_sft_tokens=785.70
qa_main_sft_loss=1.09
qa_main_sft_tokens=697.38
qa_relevance_sft_loss=0.06
qa_relevance_sft_tokens=88.32
lr=1.575e-06
[training info] mode=sft epoch=0 step=1000/3206 metrics=cnt=900
total_loss=0.34
qa_cot_loss=0.34
qa_sft_tokens=777.69
qa_main_sft_loss=0.39
qa_main_sft_tokens=688.91
qa_relevance_sft_loss=0.03
qa_relevance_sft_tokens=88.78
lr=1.561e-05
[2026-09-03 17:46:55,607] [INFO] [AiScheduler#1] [executor.py:361] execute_once running, len(finish_tasks): [0]
[training info] mode=sft epoch=0 step=2000/3206 metrics=cnt=1000
total_loss=0.24
qa_cot_loss=0.24
qa_sft_tokens=756.71
qa_main_sft_loss=0.28
qa_main_sft_tokens=667.60
qa_relevance_sft_loss=0.02
qa_relevance_sft_tokens=89.11
lr=3.121e-05
[training info] mode=sft epoch=0 step=3000/3206 metrics=cnt=1000
total_loss=0.22
qa_cot_loss=0.22
qa_sft_tokens=755.70
qa_main_sft_loss=0.25
qa_main_sft_tokens=665.08
qa_relevance_sft_loss=0.02
qa_relevance_sft_tokens=90.61
lr=4.680e-05
[training info] mode=sft epoch=0 step=3205/3206 metrics=cnt=1205
total_loss=0.22
qa_cot_loss=0.22
qa_sft_tokens=755.65
qa_main_sft_loss=0.25
qa_main_sft_tokens=665.02
qa_relevance_sft_loss=0.02
qa_relevance_sft_tokens=90.63
lr=5.000e-05
[BARRIER-PROBE][epoch0_sft_train_end] rank=0 wait=0.02s ok
[dev SFT] epoch=0 dev/qa_cot_loss=0.478834 dev/qa_perplexity=1.61419 dev/qa_sft_tokens=2.9848e+06 dev/qa_main_sft_loss=0.530878 dev/qa_main_perplexity=1.70042 dev/qa_main_sft_tokens=2.66882e+06 dev/qa_relevance_sft_loss=0.0392754 dev/qa_relevance_perplexity=1.04006 dev/qa_relevance_sft_tokens=315990 dev/qa_main_token_accuracy=0.855111 dev/qa_relevance_token_accuracy=0.987927
[BARRIER-PROBE][epoch0_sft_after_save] rank=0 wait=0.00s ok
[INFO] start pure SFT epoch=1 num_batch=3206
[training info] mode=sft epoch=1 step=0/3206 metrics=cnt=1
total_loss=0.01
qa_cot_loss=0.01
qa_sft_tokens=89.00
qa_main_sft_loss=0.00
qa_main_sft_tokens=0.00
qa_relevance_sft_loss=0.01
qa_relevance_sft_tokens=89.00
lr=5.000e-05
[training info] mode=sft epoch=1 step=10/3206 metrics=cnt=10
total_loss=0.18
qa_cot_loss=0.18
qa_sft_tokens=808.50
qa_main_sft_loss=0.21
qa_main_sft_tokens=724.80
qa_relevance_sft_loss=0.01
qa_relevance_sft_tokens=83.70
lr=5.000e-05
[training info] mode=sft epoch=1 step=50/3206 metrics=cnt=40
total_loss=0.17
qa_cot_loss=0.17
qa_sft_tokens=771.70
qa_main_sft_loss=0.19
qa_main_sft_tokens=677.15
qa_relevance_sft_loss=0.01
qa_relevance_sft_tokens=94.55
lr=5.000e-05
[training info] mode=sft epoch=1 step=100/3206 metrics=cnt=50
total_loss=0.18
qa_cot_loss=0.18
qa_sft_tokens=792.20
qa_main_sft_loss=0.21
qa_main_sft_tokens=704.20
qa_relevance_sft_loss=0.02
qa_relevance_sft_tokens=88.00
lr=5.000e-05
[2026-09-03 18:46:58,739] [INFO] [AiScheduler#1] [executor.py:361] execute_once running, len(finish_tasks): [0]
[training info] mode=sft epoch=1 step=1000/3206 metrics=cnt=900
total_loss=0.16
qa_cot_loss=0.16
qa_sft_tokens=762.43
qa_main_sft_loss=0.19
qa_main_sft_tokens=673.69
qa_relevance_sft_loss=0.01
qa_relevance_sft_tokens=88.75
lr=5.000e-05
[training info] mode=sft epoch=1 step=2000/3206 metrics=cnt=1000
total_loss=0.13
qa_cot_loss=0.13
qa_sft_tokens=763.16
qa_main_sft_loss=0.15
qa_main_sft_tokens=672.79
qa_relevance_sft_loss=0.02
qa_relevance_sft_tokens=90.37
lr=5.000e-05
[training info] mode=sft epoch=1 step=3000/3206 metrics=cnt=1000
total_loss=0.10
qa_cot_loss=0.10
qa_sft_tokens=759.99
qa_main_sft_loss=0.11
qa_main_sft_tokens=671.19
qa_relevance_sft_loss=0.01
qa_relevance_sft_tokens=88.79
lr=5.000e-05
[training info] mode=sft epoch=1 step=3205/3206 metrics=cnt=1205
total_loss=0.09
qa_cot_loss=0.09
qa_sft_tokens=758.63
qa_main_sft_loss=0.11
qa_main_sft_tokens=669.72
qa_relevance_sft_loss=0.01
qa_relevance_sft_tokens=88.91
lr=5.000e-05
[BARRIER-PROBE][epoch1_sft_train_end] rank=0 wait=0.02s ok
[dev SFT] epoch=1 dev/qa_cot_loss=0.61493 dev/qa_perplexity=1.84953 dev/qa_sft_tokens=2.9848e+06 dev/qa_main_sft_loss=0.682912 dev/qa_main_perplexity=1.97963 dev/qa_main_sft_tokens=2.66882e+06 dev/qa_relevance_sft_loss=0.0407622 dev/qa_relevance_perplexity=1.0416 dev/qa_relevance_sft_tokens=315990 dev/qa_main_token_accuracy=0.845908 dev/qa_relevance_token_accuracy=0.986572
[2026-09-03 19:47:01,842] [INFO] [AiScheduler#1] [executor.py:361] execute_once running, len(finish_tasks): [0]
[BARRIER-PROBE][epoch1_sft_after_save] rank=0 wait=0.00s ok
[INFO] start pure SFT epoch=2 num_batch=3206
[training info] mode=sft epoch=2 step=0/3206 metrics=cnt=1
total_loss=0.04
qa_cot_loss=0.04
qa_sft_tokens=441.00
qa_main_sft_loss=0.06
qa_main_sft_tokens=337.00
qa_relevance_sft_loss=0.01
qa_relevance_sft_tokens=104.00
lr=5.000e-05
[training info] mode=sft epoch=2 step=10/3206 metrics=cnt=10
total_loss=0.05
qa_cot_loss=0.05
qa_sft_tokens=813.10
qa_main_sft_loss=0.06
qa_main_sft_tokens=724.00
qa_relevance_sft_loss=0.01
qa_relevance_sft_tokens=89.10
lr=5.000e-05
[training info] mode=sft epoch=2 step=50/3206 metrics=cnt=40
total_loss=0.05
qa_cot_loss=0.05
qa_sft_tokens=779.77
qa_main_sft_loss=0.06
qa_main_sft_tokens=694.55
qa_relevance_sft_loss=0.01
qa_relevance_sft_tokens=85.22
lr=5.000e-05
[training info] mode=sft epoch=2 step=100/3206 metrics=cnt=50
total_loss=0.05
qa_cot_loss=0.05
qa_sft_tokens=745.88
qa_main_sft_loss=0.06
qa_main_sft_tokens=655.38
qa_relevance_sft_loss=0.01
qa_relevance_sft_tokens=90.50
lr=5.000e-05
[training info] mode=sft epoch=2 step=1000/3206 metrics=cnt=900
total_loss=0.05
qa_cot_loss=0.05
qa_sft_tokens=764.69
qa_main_sft_loss=0.06
qa_main_sft_tokens=674.51
qa_relevance_sft_loss=0.01
qa_relevance_sft_tokens=90.18
lr=5.000e-05
[training info] mode=sft epoch=2 step=2000/3206 metrics=cnt=1000
total_loss=0.05
qa_cot_loss=0.05
qa_sft_tokens=769.85
qa_main_sft_loss=0.06
qa_main_sft_tokens=680.87
qa_relevance_sft_loss=0.01
qa_relevance_sft_tokens=88.98
lr=5.000e-05
[2026-09-03 20:47:04,865] [INFO] [AiScheduler#1] [executor.py:361] execute_once running, len(finish_tasks): [0]
[training info] mode=sft epoch=2 step=3000/3206 metrics=cnt=1000
total_loss=0.04
qa_cot_loss=0.04
qa_sft_tokens=767.57
qa_main_sft_loss=0.05
qa_main_sft_tokens=677.80
qa_relevance_sft_loss=0.01
qa_relevance_sft_tokens=89.77
lr=5.000e-05
[training info] mode=sft epoch=2 step=3205/3206 metrics=cnt=1205
total_loss=0.04
qa_cot_loss=0.04
qa_sft_tokens=762.29
qa_main_sft_loss=0.05
qa_main_sft_tokens=671.93
qa_relevance_sft_loss=0.01
qa_relevance_sft_tokens=90.36
lr=5.000e-05
[BARRIER-PROBE][epoch2_sft_train_end] rank=0 wait=0.00s ok
[dev SFT] epoch=2 dev/qa_cot_loss=0.77204 dev/qa_perplexity=2.16418 dev/qa_sft_tokens=2.9848e+06 dev/qa_main_sft_loss=0.857014 dev/qa_main_perplexity=2.35611 dev/qa_main_sft_tokens=2.66882e+06 dev/qa_relevance_sft_loss=0.0543594 dev/qa_relevance_perplexity=1.05586 dev/qa_relevance_sft_tokens=315990 dev/qa_main_token_accuracy=0.842382 dev/qa_relevance_token_accuracy=0.986088
[BARRIER-PROBE][epoch2_sft_after_save] rank=0 wait=0.00s ok
[INFO] start pure SFT epoch=3 num_batch=3206
[training info] mode=sft epoch=3 step=0/3206 metrics=cnt=1
total_loss=0.05
qa_cot_loss=0.05
qa_sft_tokens=910.00
qa_main_sft_loss=0.05
qa_main_sft_tokens=833.00
qa_relevance_sft_loss=0.02
qa_relevance_sft_tokens=77.00
lr=5.000e-05
[training info] mode=sft epoch=3 step=10/3206 metrics=cnt=10
total_loss=0.03
qa_cot_loss=0.03
qa_sft_tokens=884.70
qa_main_sft_loss=0.03
qa_main_sft_tokens=796.60
qa_relevance_sft_loss=0.00
qa_relevance_sft_tokens=88.10
lr=5.000e-05
[training info] mode=sft epoch=3 step=50/3206 metrics=cnt=40
total_loss=0.03
qa_cot_loss=0.03
qa_sft_tokens=723.50
qa_main_sft_loss=0.03
qa_main_sft_tokens=631.77
qa_relevance_sft_loss=0.01
qa_relevance_sft_tokens=91.72
lr=5.000e-05
[training info] mode=sft epoch=3 step=100/3206 metrics=cnt=50
total_loss=0.03
qa_cot_loss=0.03
qa_sft_tokens=815.78
qa_main_sft_loss=0.03
qa_main_sft_tokens=722.96
qa_relevance_sft_loss=0.00
qa_relevance_sft_tokens=92.82
lr=5.000e-05
[training info] mode=sft epoch=3 step=1000/3206 metrics=cnt=900
total_loss=0.03
qa_cot_loss=0.03
qa_sft_tokens=772.56
qa_main_sft_loss=0.03
qa_main_sft_tokens=680.79
qa_relevance_sft_loss=0.01
qa_relevance_sft_tokens=91.77
lr=5.000e-05
[2026-09-03 21:47:07,961] [INFO] [AiScheduler#1] [executor.py:361] execute_once running, len(finish_tasks): [0]
[training info] mode=sft epoch=3 step=2000/3206 metrics=cnt=1000
total_loss=0.03
qa_cot_loss=0.03
qa_sft_tokens=760.20
qa_main_sft_loss=0.03
qa_main_sft_tokens=671.02
qa_relevance_sft_loss=0.01
qa_relevance_sft_tokens=89.18
lr=5.000e-05
[training info] mode=sft epoch=3 step=3000/3206 metrics=cnt=1000
total_loss=0.03
qa_cot_loss=0.03
qa_sft_tokens=762.80
qa_main_sft_loss=0.03
qa_main_sft_tokens=673.54
qa_relevance_sft_loss=0.01
qa_relevance_sft_tokens=89.26
lr=5.000e-05
[training info] mode=sft epoch=3 step=3205/3206 metrics=cnt=1205
total_loss=0.03
qa_cot_loss=0.03
qa_sft_tokens=768.32
qa_main_sft_loss=0.03
qa_main_sft_tokens=679.39
qa_relevance_sft_loss=0.01
qa_relevance_sft_tokens=88.93
lr=5.000e-05
[BARRIER-PROBE][epoch3_sft_train_end] rank=0 wait=0.02s ok
[dev SFT] epoch=3 dev/qa_cot_loss=0.854692 dev/qa_perplexity=2.35065 dev/qa_sft_tokens=2.9848e+06 dev/qa_main_sft_loss=0.949218 dev/qa_main_perplexity=2.58369 dev/qa_main_sft_tokens=2.66882e+06 dev/qa_relevance_sft_loss=0.0563338 dev/qa_relevance_perplexity=1.05795 dev/qa_relevance_sft_tokens=315990 dev/qa_main_token_accuracy=0.840824 dev/qa_relevance_token_accuracy=0.986316
[BARRIER-PROBE][epoch3_sft_after_save] rank=0 wait=0.00s ok
[INFO] start pure SFT epoch=4 num_batch=3206
[training info] mode=sft epoch=4 step=0/3206 metrics=cnt=1
total_loss=0.01
qa_cot_loss=0.01
qa_sft_tokens=127.00
qa_main_sft_loss=0.00
qa_main_sft_tokens=0.00
qa_relevance_sft_loss=0.01
qa_relevance_sft_tokens=127.00
lr=5.000e-05
[training info] mode=sft epoch=4 step=10/3206 metrics=cnt=10
total_loss=0.01
qa_cot_loss=0.01
qa_sft_tokens=670.10
qa_main_sft_loss=0.01
qa_main_sft_tokens=576.00
qa_relevance_sft_loss=0.00
qa_relevance_sft_tokens=94.10
lr=5.000e-05
[training info] mode=sft epoch=4 step=50/3206 metrics=cnt=40
total_loss=0.02
qa_cot_loss=0.02
qa_sft_tokens=661.80
qa_main_sft_loss=0.02
qa_main_sft_tokens=565.32
qa_relevance_sft_loss=0.00
qa_relevance_sft_tokens=96.47
lr=5.000e-05
[training info] mode=sft epoch=4 step=100/3206 metrics=cnt=50
total_loss=0.02
qa_cot_loss=0.02
qa_sft_tokens=750.70
qa_main_sft_loss=0.02
qa_main_sft_tokens=660.20
qa_relevance_sft_loss=0.00
qa_relevance_sft_tokens=90.50
lr=5.000e-05
[2026-09-03 22:47:11,120] [INFO] [AiScheduler#1] [executor.py:361] execute_once running, len(finish_tasks): [0]
[training info] mode=sft epoch=4 step=1000/3206 metrics=cnt=900
total_loss=0.02
qa_cot_loss=0.02
qa_sft_tokens=773.36
qa_main_sft_loss=0.03
qa_main_sft_tokens=683.98
qa_relevance_sft_loss=0.01
qa_relevance_sft_tokens=89.38
lr=5.000e-05
[training info] mode=sft epoch=4 step=2000/3206 metrics=cnt=1000
total_loss=0.02
qa_cot_loss=0.02
qa_sft_tokens=746.81
qa_main_sft_loss=0.03
qa_main_sft_tokens=655.91
qa_relevance_sft_loss=0.01
qa_relevance_sft_tokens=90.91
lr=5.000e-05
[training info] mode=sft epoch=4 step=3000/3206 metrics=cnt=1000
total_loss=0.02
qa_cot_loss=0.02
qa_sft_tokens=760.80
qa_main_sft_loss=0.02
qa_main_sft_tokens=670.77
qa_relevance_sft_loss=0.01
qa_relevance_sft_tokens=90.02
lr=5.000e-05
[2026-09-03 23:47:14,164] [INFO] [AiScheduler#1] [executor.py:361] execute_once running, len(finish_tasks): [0]
[training info] mode=sft epoch=4 step=3205/3206 metrics=cnt=1205
total_loss=0.02
qa_cot_loss=0.02
qa_sft_tokens=757.99
qa_main_sft_loss=0.02
qa_main_sft_tokens=667.71
qa_relevance_sft_loss=0.01
qa_relevance_sft_tokens=90.28
lr=5.000e-05
[BARRIER-PROBE][epoch4_sft_train_end] rank=0 wait=0.01s ok
[dev SFT] epoch=4 dev/qa_cot_loss=0.904937 dev/qa_perplexity=2.47178 dev/qa_sft_tokens=2.9848e+06 dev/qa_main_sft_loss=1.00475 dev/qa_main_perplexity=2.73122 dev/qa_main_sft_tokens=2.66882e+06 dev/qa_relevance_sft_loss=0.0619474 dev/qa_relevance_perplexity=1.06391 dev/qa_relevance_sft_tokens=315990 dev/qa_main_token_accuracy=0.840528 dev/qa_relevance_token_accuracy=0.98593
[BARRIER-PROBE][epoch4_sft_after_save] rank=0 wait=0.00s ok
[INFO] start pure SFT epoch=5 num_batch=3206
[training info] mode=sft epoch=5 step=0/3206 metrics=cnt=1
total_loss=0.03
qa_cot_loss=0.03
qa_sft_tokens=686.00
qa_main_sft_loss=0.03
qa_main_sft_tokens=628.00
qa_relevance_sft_loss=0.00
qa_relevance_sft_tokens=58.00
lr=5.000e-05
[training info] mode=sft epoch=5 step=10/3206 metrics=cnt=10
total_loss=0.01
qa_cot_loss=0.01
qa_sft_tokens=756.00
qa_main_sft_loss=0.01
qa_main_sft_tokens=664.00
qa_relevance_sft_loss=0.01
qa_relevance_sft_tokens=92.00
lr=5.000e-05
[training info] mode=sft epoch=5 step=50/3206 metrics=cnt=40
total_loss=0.02
qa_cot_loss=0.02
qa_sft_tokens=661.17
qa_main_sft_loss=0.02
qa_main_sft_tokens=572.17
qa_relevance_sft_loss=0.00
qa_relevance_sft_tokens=89.00
lr=5.000e-05
[training info] mode=sft epoch=5 step=100/3206 metrics=cnt=50
total_loss=0.02
qa_cot_loss=0.02
qa_sft_tokens=842.92
qa_main_sft_loss=0.02
qa_main_sft_tokens=753.70
qa_relevance_sft_loss=0.00
qa_relevance_sft_tokens=89.22
lr=5.000e-05
[training info] mode=sft epoch=5 step=1000/3206 metrics=cnt=900
total_loss=0.02
qa_cot_loss=0.02
qa_sft_tokens=768.56
qa_main_sft_loss=0.02
qa_main_sft_tokens=681.63
qa_relevance_sft_loss=0.00
qa_relevance_sft_tokens=86.94
lr=5.000e-05
[training info] mode=sft epoch=5 step=2000/3206 metrics=cnt=1000
total_loss=0.02
qa_cot_loss=0.02
qa_sft_tokens=768.32
qa_main_sft_loss=0.02
qa_main_sft_tokens=678.99
qa_relevance_sft_loss=0.00
qa_relevance_sft_tokens=89.33
lr=5.000e-05
[2026-09-04 00:47:17,246] [INFO] [AiScheduler#1] [executor.py:361] execute_once running, len(finish_tasks): [0]
[training info] mode=sft epoch=5 step=3000/3206 metrics=cnt=1000
total_loss=0.02
qa_cot_loss=0.02
qa_sft_tokens=757.90
qa_main_sft_loss=0.02
qa_main_sft_tokens=669.10
qa_relevance_sft_loss=0.01
qa_relevance_sft_tokens=88.80
lr=5.000e-05
[training info] mode=sft epoch=5 step=3205/3206 metrics=cnt=1205
total_loss=0.02
qa_cot_loss=0.02
qa_sft_tokens=760.90
qa_main_sft_loss=0.02
qa_main_sft_tokens=671.55
qa_relevance_sft_loss=0.01
qa_relevance_sft_tokens=89.35
lr=5.000e-05
[BARRIER-PROBE][epoch5_sft_train_end] rank=0 wait=0.00s ok
[dev SFT] epoch=5 dev/qa_cot_loss=0.937373 dev/qa_perplexity=2.55327 dev/qa_sft_tokens=2.9848e+06 dev/qa_main_sft_loss=1.04132 dev/qa_main_perplexity=2.83296 dev/qa_main_sft_tokens=2.66882e+06 dev/qa_relevance_sft_loss=0.0594175 dev/qa_relevance_perplexity=1.06122 dev/qa_relevance_sft_tokens=315990 dev/qa_main_token_accuracy=0.837915 dev/qa_relevance_token_accuracy=0.986446
[BARRIER-PROBE][epoch5_sft_after_save] rank=0 wait=0.00s ok
[INFO] start pure SFT epoch=6 num_batch=3206
[training info] mode=sft epoch=6 step=0/3206 metrics=cnt=1
total_loss=0.01
qa_cot_loss=0.01
qa_sft_tokens=797.00
qa_main_sft_loss=0.01
qa_main_sft_tokens=744.00
qa_relevance_sft_loss=0.09
qa_relevance_sft_tokens=53.00
lr=5.000e-05
[training info] mode=sft epoch=6 step=10/3206 metrics=cnt=10
total_loss=0.01
qa_cot_loss=0.01
qa_sft_tokens=934.90
qa_main_sft_loss=0.01
qa_main_sft_tokens=851.60
qa_relevance_sft_loss=0.00
qa_relevance_sft_tokens=83.30
lr=5.000e-05
[training info] mode=sft epoch=6 step=50/3206 metrics=cnt=40
total_loss=0.01
qa_cot_loss=0.01
qa_sft_tokens=692.20
qa_main_sft_loss=0.01
qa_main_sft_tokens=593.92
qa_relevance_sft_loss=0.00
qa_relevance_sft_tokens=98.27
lr=5.000e-05
[training info] mode=sft epoch=6 step=100/3206 metrics=cnt=50
total_loss=0.01
qa_cot_loss=0.01
qa_sft_tokens=736.34
qa_main_sft_loss=0.02
qa_main_sft_tokens=641.46
qa_relevance_sft_loss=0.00
qa_relevance_sft_tokens=94.88
lr=5.000e-05
[training info] mode=sft epoch=6 step=1000/3206 metrics=cnt=900
total_loss=0.01
qa_cot_loss=0.01
qa_sft_tokens=767.10
qa_main_sft_loss=0.02
qa_main_sft_tokens=678.17
qa_relevance_sft_loss=0.00
qa_relevance_sft_tokens=88.93
lr=5.000e-05
[2026-09-04 01:47:20,361] [INFO] [AiScheduler#1] [executor.py:361] execute_once running, len(finish_tasks): [0]
[training info] mode=sft epoch=6 step=2000/3206 metrics=cnt=1000
total_loss=0.02
qa_cot_loss=0.02
qa_sft_tokens=753.48
qa_main_sft_loss=0.02
qa_main_sft_tokens=662.43
qa_relevance_sft_loss=0.00
qa_relevance_sft_tokens=91.05
lr=5.000e-05
[training info] mode=sft epoch=6 step=3000/3206 metrics=cnt=1000
total_loss=0.02
qa_cot_loss=0.02
qa_sft_tokens=749.79
qa_main_sft_loss=0.02
qa_main_sft_tokens=659.61
qa_relevance_sft_loss=0.01
qa_relevance_sft_tokens=90.18
lr=5.000e-05
[training info] mode=sft epoch=6 step=3205/3206 metrics=cnt=1205
total_loss=0.02
qa_cot_loss=0.02
qa_sft_tokens=742.77
qa_main_sft_loss=0.02
qa_main_sft_tokens=652.46
qa_relevance_sft_loss=0.01
qa_relevance_sft_tokens=90.31
lr=5.000e-05
[BARRIER-PROBE][epoch6_sft_train_end] rank=0 wait=0.02s ok
[dev SFT] epoch=6 dev/qa_cot_loss=1.00102 dev/qa_perplexity=2.72104 dev/qa_sft_tokens=2.9848e+06 dev/qa_main_sft_loss=1.11229 dev/qa_main_perplexity=3.04133 dev/qa_main_sft_tokens=2.66882e+06 dev/qa_relevance_sft_loss=0.061177 dev/qa_relevance_perplexity=1.06309 dev/qa_relevance_sft_tokens=315990 dev/qa_main_token_accuracy=0.836135 dev/qa_relevance_token_accuracy=0.986778
[BARRIER-PROBE][epoch6_sft_after_save] rank=0 wait=0.00s ok
[INFO] start pure SFT epoch=7 num_batch=3206
[training info] mode=sft epoch=7 step=0/3206 metrics=cnt=1
total_loss=0.00
qa_cot_loss=0.00
qa_sft_tokens=1095.00
qa_main_sft_loss=0.00
qa_main_sft_tokens=1003.00
qa_relevance_sft_loss=0.00
qa_relevance_sft_tokens=92.00
lr=5.000e-05
[training info] mode=sft epoch=7 step=10/3206 metrics=cnt=10
total_loss=0.01
qa_cot_loss=0.01
qa_sft_tokens=793.30
qa_main_sft_loss=0.01
qa_main_sft_tokens=696.80
qa_relevance_sft_loss=0.01
qa_relevance_sft_tokens=96.50
lr=5.000e-05
[training info] mode=sft epoch=7 step=50/3206 metrics=cnt=40
total_loss=0.01
qa_cot_loss=0.01
qa_sft_tokens=641.30
qa_main_sft_loss=0.01
qa_main_sft_tokens=551.45
qa_relevance_sft_loss=0.01
qa_relevance_sft_tokens=89.85
lr=5.000e-05
[training info] mode=sft epoch=7 step=100/3206 metrics=cnt=50
total_loss=0.01
qa_cot_loss=0.01
qa_sft_tokens=777.06
qa_main_sft_loss=0.01
qa_main_sft_tokens=688.88
qa_relevance_sft_loss=0.00
qa_relevance_sft_tokens=88.18
lr=5.000e-05
[2026-09-04 02:47:23,508] [INFO] [AiScheduler#1] [executor.py:361] execute_once running, len(finish_tasks): [0]
[training info] mode=sft epoch=7 step=1000/3206 metrics=cnt=900
total_loss=0.01
qa_cot_loss=0.01
qa_sft_tokens=757.06
qa_main_sft_loss=0.01
qa_main_sft_tokens=667.82
qa_relevance_sft_loss=0.00
qa_relevance_sft_tokens=89.24
lr=5.000e-05
[training info] mode=sft epoch=7 step=2000/3206 metrics=cnt=1000
total_loss=0.01
qa_cot_loss=0.01
qa_sft_tokens=764.22
qa_main_sft_loss=0.02
qa_main_sft_tokens=674.65
qa_relevance_sft_loss=0.00
qa_relevance_sft_tokens=89.56
lr=5.000e-05
[2026-09-04 03:47:26,627] [INFO] [AiScheduler#1] [executor.py:361] execute_once running, len(finish_tasks): [0]
[training info] mode=sft epoch=7 step=3000/3206 metrics=cnt=1000
total_loss=0.01
qa_cot_loss=0.01
qa_sft_tokens=755.37
qa_main_sft_loss=0.02
qa_main_sft_tokens=664.91
qa_relevance_sft_loss=0.00
qa_relevance_sft_tokens=90.45
lr=5.000e-05
[training info] mode=sft epoch=7 step=3205/3206 metrics=cnt=1205
total_loss=0.01
qa_cot_loss=0.01
qa_sft_tokens=756.10
qa_main_sft_loss=0.02
qa_main_sft_tokens=665.74
qa_relevance_sft_loss=0.00
qa_relevance_sft_tokens=90.36
lr=5.000e-05
[BARRIER-PROBE][epoch7_sft_train_end] rank=0 wait=0.01s ok
[dev SFT] epoch=7 dev/qa_cot_loss=1.01171 dev/qa_perplexity=2.75031 dev/qa_sft_tokens=2.9848e+06 dev/qa_main_sft_loss=1.12332 dev/qa_main_perplexity=3.07506 dev/qa_main_sft_tokens=2.66882e+06 dev/qa_relevance_sft_loss=0.0690505 dev/qa_relevance_perplexity=1.07149 dev/qa_relevance_sft_tokens=315990 dev/qa_main_token_accuracy=0.83684 dev/qa_relevance_token_accuracy=0.985443
[BARRIER-PROBE][epoch7_sft_after_save] rank=0 wait=0.00s ok
[INFO] start pure SFT epoch=8 num_batch=3206
[training info] mode=sft epoch=8 step=0/3206 metrics=cnt=1
total_loss=0.00
qa_cot_loss=0.00
qa_sft_tokens=920.00
qa_main_sft_loss=0.00
qa_main_sft_tokens=866.00
qa_relevance_sft_loss=0.00
qa_relevance_sft_tokens=54.00
lr=5.000e-05
[training info] mode=sft epoch=8 step=10/3206 metrics=cnt=10
total_loss=0.01
qa_cot_loss=0.01
qa_sft_tokens=705.90
qa_main_sft_loss=0.01
qa_main_sft_tokens=611.70
qa_relevance_sft_loss=0.01
qa_relevance_sft_tokens=94.20
lr=5.000e-05
[training info] mode=sft epoch=8 step=50/3206 metrics=cnt=40
total_loss=0.01
qa_cot_loss=0.01
qa_sft_tokens=750.25
qa_main_sft_loss=0.01
qa_main_sft_tokens=663.75
qa_relevance_sft_loss=0.00
qa_relevance_sft_tokens=86.50
lr=5.000e-05
[training info] mode=sft epoch=8 step=100/3206 metrics=cnt=50
total_loss=0.01
qa_cot_loss=0.01
qa_sft_tokens=774.60
qa_main_sft_loss=0.01
qa_main_sft_tokens=678.48
qa_relevance_sft_loss=0.01
qa_relevance_sft_tokens=96.12
lr=5.000e-05
[training info] mode=sft epoch=8 step=1000/3206 metrics=cnt=900
total_loss=0.01
qa_cot_loss=0.01
qa_sft_tokens=764.97
qa_main_sft_loss=0.01
qa_main_sft_tokens=675.60
qa_relevance_sft_loss=0.00
qa_relevance_sft_tokens=89.37
lr=5.000e-05
[2026-09-04 04:47:29,859] [INFO] [AiScheduler#1] [executor.py:361] execute_once running, len(finish_tasks): [0]
[training info] mode=sft epoch=8 step=2000/3206 metrics=cnt=1000
total_loss=0.01
qa_cot_loss=0.01
qa_sft_tokens=768.24
qa_main_sft_loss=0.01
qa_main_sft_tokens=678.91
qa_relevance_sft_loss=0.00
qa_relevance_sft_tokens=89.33
lr=5.000e-05
[training info] mode=sft epoch=8 step=3000/3206 metrics=cnt=1000
total_loss=0.01
qa_cot_loss=0.01
qa_sft_tokens=759.36
qa_main_sft_loss=0.01
qa_main_sft_tokens=668.66
qa_relevance_sft_loss=0.00
qa_relevance_sft_tokens=90.71
lr=5.000e-05
[training info] mode=sft epoch=8 step=3205/3206 metrics=cnt=1205
total_loss=0.01
qa_cot_loss=0.01
qa_sft_tokens=759.25
qa_main_sft_loss=0.01
qa_main_sft_tokens=668.65
qa_relevance_sft_loss=0.00
qa_relevance_sft_tokens=90.59
lr=5.000e-05
[BARRIER-PROBE][epoch8_sft_train_end] rank=0 wait=0.00s ok
[dev SFT] epoch=8 dev/qa_cot_loss=1.0561 dev/qa_perplexity=2.87514 dev/qa_sft_tokens=2.9848e+06 dev/qa_main_sft_loss=1.17281 dev/qa_main_perplexity=3.23105 dev/qa_main_sft_tokens=2.66882e+06 dev/qa_relevance_sft_loss=0.0704193 dev/qa_relevance_perplexity=1.07296 dev/qa_relevance_sft_tokens=315990 dev/qa_main_token_accuracy=0.834541 dev/qa_relevance_token_accuracy=0.985759
[BARRIER-PROBE][epoch8_sft_after_save] rank=0 wait=0.00s ok
[INFO] start pure SFT epoch=9 num_batch=3206
[training info] mode=sft epoch=9 step=0/3206 metrics=cnt=1
total_loss=0.00
qa_cot_loss=0.00
qa_sft_tokens=378.00
qa_main_sft_loss=0.00
qa_main_sft_tokens=236.00
qa_relevance_sft_loss=0.00
qa_relevance_sft_tokens=142.00
lr=5.000e-05
[training info] mode=sft epoch=9 step=10/3206 metrics=cnt=10
total_loss=0.01
qa_cot_loss=0.01
qa_sft_tokens=964.50
qa_main_sft_loss=0.01
qa_main_sft_tokens=873.40
qa_relevance_sft_loss=0.00
qa_relevance_sft_tokens=91.10
lr=5.000e-05
[training info] mode=sft epoch=9 step=50/3206 metrics=cnt=40
total_loss=0.01
qa_cot_loss=0.01
qa_sft_tokens=842.65
qa_main_sft_loss=0.02
qa_main_sft_tokens=760.40
qa_relevance_sft_loss=0.00
qa_relevance_sft_tokens=82.25
lr=5.000e-05
[training info] mode=sft epoch=9 step=100/3206 metrics=cnt=50
total_loss=0.01
qa_cot_loss=0.01
qa_sft_tokens=751.16
qa_main_sft_loss=0.01
qa_main_sft_tokens=661.76
qa_relevance_sft_loss=0.00
qa_relevance_sft_tokens=89.40
lr=5.000e-05
[training info] mode=sft epoch=9 step=1000/3206 metrics=cnt=900
total_loss=0.01
qa_cot_loss=0.01
qa_sft_tokens=765.23
qa_main_sft_loss=0.01
qa_main_sft_tokens=674.52
qa_relevance_sft_loss=0.00
qa_relevance_sft_tokens=90.71
lr=5.000e-05
[2026-09-04 05:47:33,041] [INFO] [AiScheduler#1] [executor.py:361] execute_once running, len(finish_tasks): [0]
[training info] mode=sft epoch=9 step=2000/3206 metrics=cnt=1000
total_loss=0.01
qa_cot_loss=0.01
qa_sft_tokens=758.05
qa_main_sft_loss=0.01
qa_main_sft_tokens=666.70
qa_relevance_sft_loss=0.00
qa_relevance_sft_tokens=91.35
lr=5.000e-05
[training info] mode=sft epoch=9 step=3000/3206 metrics=cnt=1000
total_loss=0.01
qa_cot_loss=0.01
qa_sft_tokens=759.99
qa_main_sft_loss=0.01
qa_main_sft_tokens=669.41
qa_relevance_sft_loss=0.00
qa_relevance_sft_tokens=90.58
lr=5.000e-05
[training info] mode=sft epoch=9 step=3205/3206 metrics=cnt=1205
total_loss=0.01
qa_cot_loss=0.01
qa_sft_tokens=762.76
qa_main_sft_loss=0.01
qa_main_sft_tokens=672.66
qa_relevance_sft_loss=0.00
qa_relevance_sft_tokens=90.10
lr=5.000e-05
[BARRIER-PROBE][epoch9_sft_train_end] rank=0 wait=0.02s ok
[dev SFT] epoch=9 dev/qa_cot_loss=1.09424 dev/qa_perplexity=2.98692 dev/qa_sft_tokens=2.9848e+06 dev/qa_main_sft_loss=1.21497 dev/qa_main_perplexity=3.37018 dev/qa_main_sft_tokens=2.66882e+06 dev/qa_relevance_sft_loss=0.0746374 dev/qa_relevance_perplexity=1.07749 dev/qa_relevance_sft_tokens=315990 dev/qa_main_token_accuracy=0.833 dev/qa_relevance_token_accuracy=0.985645
[BARRIER-PROBE][epoch9_sft_after_save] rank=0 wait=0.00s ok
[INFO] start pure SFT epoch=10 num_batch=3206
[training info] mode=sft epoch=10 step=0/3206 metrics=cnt=1
total_loss=0.00
qa_cot_loss=0.00
qa_sft_tokens=1078.00
qa_main_sft_loss=0.00
qa_main_sft_tokens=987.00
qa_relevance_sft_loss=0.00
qa_relevance_sft_tokens=91.00
lr=5.000e-05
[training info] mode=sft epoch=10 step=10/3206 metrics=cnt=10
total_loss=0.01
qa_cot_loss=0.01
qa_sft_tokens=897.30
qa_main_sft_loss=0.01
qa_main_sft_tokens=801.00
qa_relevance_sft_loss=0.00
qa_relevance_sft_tokens=96.30
lr=5.000e-05
[training info] mode=sft epoch=10 step=50/3206 metrics=cnt=40
total_loss=0.01
qa_cot_loss=0.01
qa_sft_tokens=763.80
qa_main_sft_loss=0.01
qa_main_sft_tokens=669.50
qa_relevance_sft_loss=0.00
qa_relevance_sft_tokens=94.30
lr=5.000e-05
[training info] mode=sft epoch=10 step=100/3206 metrics=cnt=50
total_loss=0.01
qa_cot_loss=0.01
qa_sft_tokens=836.80
qa_main_sft_loss=0.01
qa_main_sft_tokens=747.42
qa_relevance_sft_loss=0.00
qa_relevance_sft_tokens=89.38
lr=5.000e-05
[2026-09-04 06:47:36,067] [INFO] [AiScheduler#1] [executor.py:361] execute_once running, len(finish_tasks): [0]
[training info] mode=sft epoch=10 step=1000/3206 metrics=cnt=900
total_loss=0.01
qa_cot_loss=0.01
qa_sft_tokens=754.53
qa_main_sft_loss=0.01
qa_main_sft_tokens=664.00
qa_relevance_sft_loss=0.00
qa_relevance_sft_tokens=90.54
lr=5.000e-05
[training info] mode=sft epoch=10 step=2000/3206 metrics=cnt=1000
total_loss=0.01
qa_cot_loss=0.01
qa_sft_tokens=748.71
qa_main_sft_loss=0.01
qa_main_sft_tokens=658.05
qa_relevance_sft_loss=0.00
qa_relevance_sft_tokens=90.66
lr=5.000e-05
[2026-09-04 07:47:39,137] [INFO] [AiScheduler#1] [executor.py:361] execute_once running, len(finish_tasks): [0]
[training info] mode=sft epoch=10 step=3000/3206 metrics=cnt=1000
total_loss=0.01
qa_cot_loss=0.01
qa_sft_tokens=758.65
qa_main_sft_loss=0.01
qa_main_sft_tokens=668.14
qa_relevance_sft_loss=0.00
qa_relevance_sft_tokens=90.51
lr=5.000e-05
[training info] mode=sft epoch=10 step=3205/3206 metrics=cnt=1205
total_loss=0.01
qa_cot_loss=0.01
qa_sft_tokens=758.27
qa_main_sft_loss=0.01
qa_main_sft_tokens=667.57
qa_relevance_sft_loss=0.00
qa_relevance_sft_tokens=90.70
lr=5.000e-05
[BARRIER-PROBE][epoch10_sft_train_end] rank=0 wait=0.03s ok
[dev SFT] epoch=10 dev/qa_cot_loss=1.10501 dev/qa_perplexity=3.01926 dev/qa_sft_tokens=2.9848e+06 dev/qa_main_sft_loss=1.22701 dev/qa_main_perplexity=3.41101 dev/qa_main_sft_tokens=2.66882e+06 dev/qa_relevance_sft_loss=0.0746546 dev/qa_relevance_perplexity=1.07751 dev/qa_relevance_sft_tokens=315990 dev/qa_main_token_accuracy=0.830858 dev/qa_relevance_token_accuracy=0.985626
[BARRIER-PROBE][epoch10_sft_after_save] rank=0 wait=0.00s ok
[INFO] start pure SFT epoch=11 num_batch=3206
[training info] mode=sft epoch=11 step=0/3206 metrics=cnt=1
total_loss=0.00
qa_cot_loss=0.00
qa_sft_tokens=439.00
qa_main_sft_loss=0.00
qa_main_sft_tokens=377.00
qa_relevance_sft_loss=0.00
qa_relevance_sft_tokens=62.00
lr=5.000e-05
[training info] mode=sft epoch=11 step=10/3206 metrics=cnt=10
total_loss=0.01
qa_cot_loss=0.01
qa_sft_tokens=792.10
qa_main_sft_loss=0.01
qa_main_sft_tokens=708.30
qa_relevance_sft_loss=0.00
qa_relevance_sft_tokens=83.80
lr=5.000e-05
[training info] mode=sft epoch=11 step=50/3206 metrics=cnt=40
total_loss=0.02
qa_cot_loss=0.02
qa_sft_tokens=770.40
qa_main_sft_loss=0.02
qa_main_sft_tokens=686.87
qa_relevance_sft_loss=0.00
qa_relevance_sft_tokens=83.52
lr=5.000e-05
[training info] mode=sft epoch=11 step=100/3206 metrics=cnt=50
total_loss=0.01
qa_cot_loss=0.01
qa_sft_tokens=775.96
qa_main_sft_loss=0.01
qa_main_sft_tokens=686.88
qa_relevance_sft_loss=0.00
qa_relevance_sft_tokens=89.08
lr=5.000e-05
[training info] mode=sft epoch=11 step=1000/3206 metrics=cnt=900
total_loss=0.01
qa_cot_loss=0.01
qa_sft_tokens=769.02
qa_main_sft_loss=0.01
qa_main_sft_tokens=679.12
qa_relevance_sft_loss=0.00
qa_relevance_sft_tokens=89.90
lr=5.000e-05
[2026-09-04 08:47:42,249] [INFO] [AiScheduler#1] [executor.py:361] execute_once running, len(finish_tasks): [0]
[training info] mode=sft epoch=11 step=2000/3206 metrics=cnt=1000
total_loss=0.01
qa_cot_loss=0.01
qa_sft_tokens=753.75
qa_main_sft_loss=0.01
qa_main_sft_tokens=663.55
qa_relevance_sft_loss=0.00
qa_relevance_sft_tokens=90.20
lr=5.000e-05
[training info] mode=sft epoch=11 step=3000/3206 metrics=cnt=1000
total_loss=0.01
qa_cot_loss=0.01
qa_sft_tokens=763.34
qa_main_sft_loss=0.01
qa_main_sft_tokens=672.69
qa_relevance_sft_loss=0.00
qa_relevance_sft_tokens=90.64
lr=5.000e-05
[training info] mode=sft epoch=11 step=3205/3206 metrics=cnt=1205
total_loss=0.01
qa_cot_loss=0.01
qa_sft_tokens=758.46
qa_main_sft_loss=0.01
qa_main_sft_tokens=667.82
qa_relevance_sft_loss=0.00
qa_relevance_sft_tokens=90.65
lr=5.000e-05
[BARRIER-PROBE][epoch11_sft_train_end] rank=0 wait=0.03s ok
[dev SFT] epoch=11 dev/qa_cot_loss=1.13119 dev/qa_perplexity=3.09935 dev/qa_sft_tokens=2.9848e+06 dev/qa_main_sft_loss=1.25582 dev/qa_main_perplexity=3.51071 dev/qa_main_sft_tokens=2.66882e+06 dev/qa_relevance_sft_loss=0.0786006 dev/qa_relevance_perplexity=1.08177 dev/qa_relevance_sft_tokens=315990 dev/qa_main_token_accuracy=0.829094 dev/qa_relevance_token_accuracy=0.985731
[BARRIER-PROBE][epoch11_sft_after_save] rank=0 wait=0.00s ok
[INFO] start pure SFT epoch=12 num_batch=3206
[training info] mode=sft epoch=12 step=0/3206 metrics=cnt=1
total_loss=0.01
qa_cot_loss=0.01
qa_sft_tokens=1045.00
qa_main_sft_loss=0.01
qa_main_sft_tokens=995.00
qa_relevance_sft_loss=0.00
qa_relevance_sft_tokens=50.00
lr=5.000e-05
[training info] mode=sft epoch=12 step=10/3206 metrics=cnt=10
total_loss=0.01
qa_cot_loss=0.01
qa_sft_tokens=784.30
qa_main_sft_loss=0.01
qa_main_sft_tokens=698.00
qa_relevance_sft_loss=0.00
qa_relevance_sft_tokens=86.30
lr=5.000e-05
[training info] mode=sft epoch=12 step=50/3206 metrics=cnt=40
total_loss=0.01
qa_cot_loss=0.01
qa_sft_tokens=680.45
qa_main_sft_loss=0.01
qa_main_sft_tokens=586.27
qa_relevance_sft_loss=0.00
qa_relevance_sft_tokens=94.17
lr=5.000e-05
[training info] mode=sft epoch=12 step=100/3206 metrics=cnt=50
total_loss=0.01
qa_cot_loss=0.01
qa_sft_tokens=729.18
qa_main_sft_loss=0.01
qa_main_sft_tokens=641.02
qa_relevance_sft_loss=0.00
qa_relevance_sft_tokens=88.16
lr=5.000e-05
[2026-09-04 09:47:45,342] [INFO] [AiScheduler#1] [executor.py:361] execute_once running, len(finish_tasks): [0]
[training info] mode=sft epoch=12 step=1000/3206 metrics=cnt=900
total_loss=0.01
qa_cot_loss=0.01
qa_sft_tokens=764.33
qa_main_sft_loss=0.01
qa_main_sft_tokens=675.43
qa_relevance_sft_loss=0.00
qa_relevance_sft_tokens=88.91
lr=5.000e-05
[training info] mode=sft epoch=12 step=2000/3206 metrics=cnt=1000
total_loss=0.01
qa_cot_loss=0.01
qa_sft_tokens=746.04
qa_main_sft_loss=0.01
qa_main_sft_tokens=657.03
qa_relevance_sft_loss=0.00
qa_relevance_sft_tokens=89.01
lr=5.000e-05
[training info] mode=sft epoch=12 step=3000/3206 metrics=cnt=1000
total_loss=0.01
qa_cot_loss=0.01
qa_sft_tokens=747.40
qa_main_sft_loss=0.01
qa_main_sft_tokens=657.51
qa_relevance_sft_loss=0.00
qa_relevance_sft_tokens=89.89
lr=5.000e-05
[training info] mode=sft epoch=12 step=3205/3206 metrics=cnt=1205
total_loss=0.01
qa_cot_loss=0.01
qa_sft_tokens=748.89
qa_main_sft_loss=0.01
qa_main_sft_tokens=658.70
qa_relevance_sft_loss=0.00
qa_relevance_sft_tokens=90.19
lr=5.000e-05
[BARRIER-PROBE][epoch12_sft_train_end] rank=0 wait=0.00s ok
[2026-09-04 10:47:48,488] [INFO] [AiScheduler#1] [executor.py:361] execute_once running, len(finish_tasks): [0]
[dev SFT] epoch=12 dev/qa_cot_loss=1.11735 dev/qa_perplexity=3.05673 dev/qa_sft_tokens=2.9848e+06 dev/qa_main_sft_loss=1.23871 dev/qa_main_perplexity=3.45117 dev/qa_main_sft_tokens=2.66882e+06 dev/qa_relevance_sft_loss=0.0922967 dev/qa_relevance_perplexity=1.09669 dev/qa_relevance_sft_tokens=315990 dev/qa_main_token_accuracy=0.828735 dev/qa_relevance_token_accuracy=0.982547
[BARRIER-PROBE][epoch12_sft_after_save] rank=0 wait=0.00s ok
[INFO] start pure SFT epoch=13 num_batch=3206
[training info] mode=sft epoch=13 step=0/3206 metrics=cnt=1
total_loss=0.01
qa_cot_loss=0.01
qa_sft_tokens=500.00
qa_main_sft_loss=0.01
qa_main_sft_tokens=419.00
qa_relevance_sft_loss=0.00
qa_relevance_sft_tokens=81.00
lr=5.000e-05
[training info] mode=sft epoch=13 step=10/3206 metrics=cnt=10
total_loss=0.01
qa_cot_loss=0.01
qa_sft_tokens=783.50
qa_main_sft_loss=0.01
qa_main_sft_tokens=687.10
qa_relevance_sft_loss=0.00
qa_relevance_sft_tokens=96.40
lr=5.000e-05
[training info] mode=sft epoch=13 step=50/3206 metrics=cnt=40
total_loss=0.00
qa_cot_loss=0.00
qa_sft_tokens=731.30
qa_main_sft_loss=0.01
qa_main_sft_tokens=642.02
qa_relevance_sft_loss=0.00
qa_relevance_sft_tokens=89.27
lr=5.000e-05
[training info] mode=sft epoch=13 step=100/3206 metrics=cnt=50
total_loss=0.01
qa_cot_loss=0.01
qa_sft_tokens=820.02
qa_main_sft_loss=0.01
qa_main_sft_tokens=733.62
qa_relevance_sft_loss=0.00
qa_relevance_sft_tokens=86.40
lr=5.000e-05
[training info] mode=sft epoch=13 step=1000/3206 metrics=cnt=900
total_loss=0.01
qa_cot_loss=0.01
qa_sft_tokens=760.48
qa_main_sft_loss=0.01
qa_main_sft_tokens=670.27
qa_relevance_sft_loss=0.00
qa_relevance_sft_tokens=90.21
lr=5.000e-05
[training info] mode=sft epoch=13 step=2000/3206 metrics=cnt=1000
total_loss=0.01
qa_cot_loss=0.01
qa_sft_tokens=738.35
qa_main_sft_loss=0.01
qa_main_sft_tokens=648.14
qa_relevance_sft_loss=0.00
qa_relevance_sft_tokens=90.22
lr=5.000e-05
[2026-09-04 11:47:51,542] [INFO] [AiScheduler#1] [executor.py:361] execute_once running, len(finish_tasks): [0]
[training info] mode=sft epoch=13 step=3000/3206 metrics=cnt=1000
total_loss=0.01
qa_cot_loss=0.01
qa_sft_tokens=752.48
qa_main_sft_loss=0.01
qa_main_sft_tokens=661.56
qa_relevance_sft_loss=0.00
qa_relevance_sft_tokens=90.92
lr=5.000e-05
[training info] mode=sft epoch=13 step=3205/3206 metrics=cnt=1205
total_loss=0.01
qa_cot_loss=0.01
qa_sft_tokens=747.92
qa_main_sft_loss=0.01
qa_main_sft_tokens=656.88
qa_relevance_sft_loss=0.00
qa_relevance_sft_tokens=91.03
lr=5.000e-05
[BARRIER-PROBE][epoch13_sft_train_end] rank=0 wait=0.00s ok
[dev SFT] epoch=13 dev/qa_cot_loss=1.1423 dev/qa_perplexity=3.13396 dev/qa_sft_tokens=2.9848e+06 dev/qa_main_sft_loss=1.26574 dev/qa_main_perplexity=3.54571 dev/qa_main_sft_tokens=2.66882e+06 dev/qa_relevance_sft_loss=0.0997128 dev/qa_relevance_perplexity=1.10485 dev/qa_relevance_sft_tokens=315990 dev/qa_main_token_accuracy=0.828175 dev/qa_relevance_token_accuracy=0.982696
[BARRIER-PROBE][epoch13_sft_after_save] rank=0 wait=0.00s ok
[INFO] start pure SFT epoch=14 num_batch=3206
[training info] mode=sft epoch=14 step=0/3206 metrics=cnt=1
total_loss=0.01
qa_cot_loss=0.01
qa_sft_tokens=976.00
qa_main_sft_loss=0.01
qa_main_sft_tokens=922.00
qa_relevance_sft_loss=0.00
qa_relevance_sft_tokens=54.00
lr=5.000e-05
[training info] mode=sft epoch=14 step=10/3206 metrics=cnt=10
total_loss=0.00
qa_cot_loss=0.00
qa_sft_tokens=724.50
qa_main_sft_loss=0.00
qa_main_sft_tokens=631.80
qa_relevance_sft_loss=0.00
qa_relevance_sft_tokens=92.70
lr=5.000e-05
[training info] mode=sft epoch=14 step=50/3206 metrics=cnt=40
total_loss=0.01
qa_cot_loss=0.01
qa_sft_tokens=825.40
qa_main_sft_loss=0.01
qa_main_sft_tokens=738.90
qa_relevance_sft_loss=0.00
qa_relevance_sft_tokens=86.50
lr=5.000e-05
[training info] mode=sft epoch=14 step=100/3206 metrics=cnt=50
total_loss=0.01
qa_cot_loss=0.01
qa_sft_tokens=754.22
qa_main_sft_loss=0.01
qa_main_sft_tokens=668.56
qa_relevance_sft_loss=0.00
qa_relevance_sft_tokens=85.66
lr=5.000e-05
[training info] mode=sft epoch=14 step=1000/3206 metrics=cnt=900
total_loss=0.01
qa_cot_loss=0.01
qa_sft_tokens=755.84
qa_main_sft_loss=0.01
qa_main_sft_tokens=664.81
qa_relevance_sft_loss=0.00
qa_relevance_sft_tokens=91.03
lr=5.000e-05
[2026-09-04 12:47:54,677] [INFO] [AiScheduler#1] [executor.py:361] execute_once running, len(finish_tasks): [0]
[training info] mode=sft epoch=14 step=2000/3206 metrics=cnt=1000
total_loss=0.01
qa_cot_loss=0.01
qa_sft_tokens=744.78
qa_main_sft_loss=0.01
qa_main_sft_tokens=654.96
qa_relevance_sft_loss=0.00
qa_relevance_sft_tokens=89.82
lr=5.000e-05
[training info] mode=sft epoch=14 step=3000/3206 metrics=cnt=1000
total_loss=0.01
qa_cot_loss=0.01
qa_sft_tokens=749.86
qa_main_sft_loss=0.01
qa_main_sft_tokens=657.94
qa_relevance_sft_loss=0.00
qa_relevance_sft_tokens=91.92
lr=5.000e-05
[training info] mode=sft epoch=14 step=3205/3206 metrics=cnt=1205
total_loss=0.01
qa_cot_loss=0.01
qa_sft_tokens=749.03
qa_main_sft_loss=0.01
qa_main_sft_tokens=657.47
qa_relevance_sft_loss=0.00
qa_relevance_sft_tokens=91.56
lr=5.000e-05
[BARRIER-PROBE][epoch14_sft_train_end] rank=0 wait=0.00s ok
[dev SFT] epoch=14 dev/qa_cot_loss=1.16632 dev/qa_perplexity=3.21015 dev/qa_sft_tokens=2.9848e+06 dev/qa_main_sft_loss=1.29415 dev/qa_main_perplexity=3.64789 dev/qa_main_sft_tokens=2.66882e+06 dev/qa_relevance_sft_loss=0.086677 dev/qa_relevance_perplexity=1.09054 dev/qa_relevance_sft_tokens=315990 dev/qa_main_token_accuracy=0.826047 dev/qa_relevance_token_accuracy=0.985265
[BARRIER-PROBE][epoch14_sft_after_save] rank=0 wait=0.00s ok
[INFO] start pure SFT epoch=15 num_batch=3206
[training info] mode=sft epoch=15 step=0/3206 metrics=cnt=1
total_loss=0.00
qa_cot_loss=0.00
qa_sft_tokens=662.00
qa_main_sft_loss=0.00
qa_main_sft_tokens=543.00
qa_relevance_sft_loss=0.00
qa_relevance_sft_tokens=119.00
lr=5.000e-05
[training info] mode=sft epoch=15 step=10/3206 metrics=cnt=10
total_loss=0.01
qa_cot_loss=0.01
qa_sft_tokens=706.00
qa_main_sft_loss=0.01
qa_main_sft_tokens=602.60
qa_relevance_sft_loss=0.01
qa_relevance_sft_tokens=103.40
lr=5.000e-05
[training info] mode=sft epoch=15 step=50/3206 metrics=cnt=40
total_loss=0.01
qa_cot_loss=0.01
qa_sft_tokens=802.82
qa_main_sft_loss=0.01
qa_main_sft_tokens=711.42
qa_relevance_sft_loss=0.00
qa_relevance_sft_tokens=91.40
lr=5.000e-05
[training info] mode=sft epoch=15 step=100/3206 metrics=cnt=50
total_loss=0.01
qa_cot_loss=0.01
qa_sft_tokens=727.68
qa_main_sft_loss=0.01
qa_main_sft_tokens=634.06
qa_relevance_sft_loss=0.00
qa_relevance_sft_tokens=93.62
lr=5.000e-05
[2026-09-04 13:47:57,815] [INFO] [AiScheduler#1] [executor.py:361] execute_once running, len(finish_tasks): [0]
[training info] mode=sft epoch=15 step=1000/3206 metrics=cnt=900
total_loss=0.01
qa_cot_loss=0.01
qa_sft_tokens=777.23
qa_main_sft_loss=0.01
qa_main_sft_tokens=687.68
qa_relevance_sft_loss=0.00
qa_relevance_sft_tokens=89.55
lr=5.000e-05
[training info] mode=sft epoch=15 step=2000/3206 metrics=cnt=1000
total_loss=0.01
qa_cot_loss=0.01
qa_sft_tokens=762.32
qa_main_sft_loss=0.01
qa_main_sft_tokens=673.21
qa_relevance_sft_loss=0.00
qa_relevance_sft_tokens=89.11
lr=5.000e-05
[2026-09-04 14:48:00,976] [INFO] [AiScheduler#1] [executor.py:361] execute_once running, len(finish_tasks): [0]
[training info] mode=sft epoch=15 step=3000/3206 metrics=cnt=1000
total_loss=0.01
qa_cot_loss=0.01
qa_sft_tokens=748.29
qa_main_sft_loss=0.01
qa_main_sft_tokens=658.19
qa_relevance_sft_loss=0.00
qa_relevance_sft_tokens=90.10
lr=5.000e-05
[training info] mode=sft epoch=15 step=3205/3206 metrics=cnt=1205
total_loss=0.01
qa_cot_loss=0.01
qa_sft_tokens=751.98
qa_main_sft_loss=0.01
qa_main_sft_tokens=662.00
qa_relevance_sft_loss=0.00
qa_relevance_sft_tokens=89.98
lr=5.000e-05
[BARRIER-PROBE][epoch15_sft_train_end] rank=0 wait=0.00s ok
[dev SFT] epoch=15 dev/qa_cot_loss=1.18283 dev/qa_perplexity=3.26361 dev/qa_sft_tokens=2.9848e+06 dev/qa_main_sft_loss=1.31359 dev/qa_main_perplexity=3.7195 dev/qa_main_sft_tokens=2.66882e+06 dev/qa_relevance_sft_loss=0.0785014 dev/qa_relevance_perplexity=1.08166 dev/qa_relevance_sft_tokens=315990 dev/qa_main_token_accuracy=0.824925 dev/qa_relevance_token_accuracy=0.985746
[BARRIER-PROBE][epoch15_sft_after_save] rank=0 wait=0.00s ok
[INFO] start pure SFT epoch=16 num_batch=3206
[training info] mode=sft epoch=16 step=0/3206 metrics=cnt=1
total_loss=0.00
qa_cot_loss=0.00
qa_sft_tokens=1167.00
qa_main_sft_loss=0.00
qa_main_sft_tokens=1113.00
qa_relevance_sft_loss=0.00
qa_relevance_sft_tokens=54.00
lr=5.000e-05
[training info] mode=sft epoch=16 step=10/3206 metrics=cnt=10
total_loss=0.00
qa_cot_loss=0.00
qa_sft_tokens=691.00
qa_main_sft_loss=0.01
qa_main_sft_tokens=591.80
qa_relevance_sft_loss=0.00
qa_relevance_sft_tokens=99.20
lr=5.000e-05
[training info] mode=sft epoch=16 step=50/3206 metrics=cnt=40
total_loss=0.01
qa_cot_loss=0.01
qa_sft_tokens=825.05
qa_main_sft_loss=0.01
qa_main_sft_tokens=742.52
qa_relevance_sft_loss=0.00
qa_relevance_sft_tokens=82.52
lr=5.000e-05
[training info] mode=sft epoch=16 step=100/3206 metrics=cnt=50
total_loss=0.01
qa_cot_loss=0.01
qa_sft_tokens=735.52
qa_main_sft_loss=0.01
qa_main_sft_tokens=646.58
qa_relevance_sft_loss=0.00
qa_relevance_sft_tokens=88.94
lr=5.000e-05
[training info] mode=sft epoch=16 step=1000/3206 metrics=cnt=900
total_loss=0.01
qa_cot_loss=0.01
qa_sft_tokens=762.56
qa_main_sft_loss=0.01
qa_main_sft_tokens=672.45
qa_relevance_sft_loss=0.00
qa_relevance_sft_tokens=90.11
lr=5.000e-05
[training info] mode=sft epoch=16 step=2000/3206 metrics=cnt=1000
total_loss=0.01
qa_cot_loss=0.01
qa_sft_tokens=739.21
qa_main_sft_loss=0.01
qa_main_sft_tokens=648.77
qa_relevance_sft_loss=0.00
qa_relevance_sft_tokens=90.43
lr=5.000e-05
[2026-09-04 15:48:04,115] [INFO] [AiScheduler#1] [executor.py:361] execute_once running, len(finish_tasks): [0]
[training info] mode=sft epoch=16 step=3000/3206 metrics=cnt=1000
total_loss=0.01
qa_cot_loss=0.01
qa_sft_tokens=778.58
qa_main_sft_loss=0.01
qa_main_sft_tokens=688.87
qa_relevance_sft_loss=0.00
qa_relevance_sft_tokens=89.71
lr=5.000e-05
[training info] mode=sft epoch=16 step=3205/3206 metrics=cnt=1205
total_loss=0.01
qa_cot_loss=0.01
qa_sft_tokens=771.91
qa_main_sft_loss=0.01
qa_main_sft_tokens=682.01
qa_relevance_sft_loss=0.00
qa_relevance_sft_tokens=89.90
lr=5.000e-05
[BARRIER-PROBE][epoch16_sft_train_end] rank=0 wait=0.02s ok
[dev SFT] epoch=16 dev/qa_cot_loss=1.19864 dev/qa_perplexity=3.31559 dev/qa_sft_tokens=2.9848e+06 dev/qa_main_sft_loss=1.3318 dev/qa_main_perplexity=3.78787 dev/qa_main_sft_tokens=2.66882e+06 dev/qa_relevance_sft_loss=0.0739171 dev/qa_relevance_perplexity=1.07672 dev/qa_relevance_sft_tokens=315990 dev/qa_main_token_accuracy=0.824276 dev/qa_relevance_token_accuracy=0.984022
[BARRIER-PROBE][epoch16_sft_after_save] rank=0 wait=0.00s ok
[INFO] start pure SFT epoch=17 num_batch=3206
[training info] mode=sft epoch=17 step=0/3206 metrics=cnt=1
total_loss=0.00
qa_cot_loss=0.00
qa_sft_tokens=1024.00
qa_main_sft_loss=0.00
qa_main_sft_tokens=932.00
qa_relevance_sft_loss=0.00
qa_relevance_sft_tokens=92.00
lr=5.000e-05
[training info] mode=sft epoch=17 step=10/3206 metrics=cnt=10
total_loss=0.00
qa_cot_loss=0.00
qa_sft_tokens=925.50
qa_main_sft_loss=0.00
qa_main_sft_tokens=855.00
qa_relevance_sft_loss=0.00
qa_relevance_sft_tokens=70.50
lr=5.000e-05
[training info] mode=sft epoch=17 step=50/3206 metrics=cnt=40
total_loss=0.01
qa_cot_loss=0.01
qa_sft_tokens=815.05
qa_main_sft_loss=0.01
qa_main_sft_tokens=726.35
qa_relevance_sft_loss=0.00
qa_relevance_sft_tokens=88.70
lr=5.000e-05
[training info] mode=sft epoch=17 step=100/3206 metrics=cnt=50
total_loss=0.00
qa_cot_loss=0.00
qa_sft_tokens=751.48
qa_main_sft_loss=0.01
qa_main_sft_tokens=663.76
qa_relevance_sft_loss=0.00
qa_relevance_sft_tokens=87.72
lr=5.000e-05
[training info] mode=sft epoch=17 step=1000/3206 metrics=cnt=900
total_loss=0.01
qa_cot_loss=0.01
qa_sft_tokens=768.67
qa_main_sft_loss=0.01
qa_main_sft_tokens=680.10
qa_relevance_sft_loss=0.00
qa_relevance_sft_tokens=88.57
lr=5.000e-05
[2026-09-04 16:48:07,340] [INFO] [AiScheduler#1] [executor.py:361] execute_once running, len(finish_tasks): [0]
[training info] mode=sft epoch=17 step=2000/3206 metrics=cnt=1000
total_loss=0.01
qa_cot_loss=0.01
qa_sft_tokens=761.16
qa_main_sft_loss=0.01
qa_main_sft_tokens=669.80
qa_relevance_sft_loss=0.00
qa_relevance_sft_tokens=91.36
lr=5.000e-05
[training info] mode=sft epoch=17 step=3000/3206 metrics=cnt=1000
total_loss=0.01
qa_cot_loss=0.01
qa_sft_tokens=767.64
qa_main_sft_loss=0.01
qa_main_sft_tokens=678.25
qa_relevance_sft_loss=0.00
qa_relevance_sft_tokens=89.39
lr=5.000e-05
[training info] mode=sft epoch=17 step=3205/3206 metrics=cnt=1205
total_loss=0.01
qa_cot_loss=0.01
qa_sft_tokens=766.98
qa_main_sft_loss=0.01
qa_main_sft_tokens=677.93
qa_relevance_sft_loss=0.00
qa_relevance_sft_tokens=89.05
lr=5.000e-05
[BARRIER-PROBE][epoch17_sft_train_end] rank=0 wait=0.01s ok
[dev SFT] epoch=17 dev/qa_cot_loss=1.25977 dev/qa_perplexity=3.52463 dev/qa_sft_tokens=2.9848e+06 dev/qa_main_sft_loss=1.39778 dev/qa_main_perplexity=4.0462 dev/qa_main_sft_tokens=2.66882e+06 dev/qa_relevance_sft_loss=0.0942209 dev/qa_relevance_perplexity=1.0988 dev/qa_relevance_sft_tokens=315990 dev/qa_main_token_accuracy=0.823753 dev/qa_relevance_token_accuracy=0.984373
[BARRIER-PROBE][epoch17_sft_after_save] rank=0 wait=0.00s ok
[INFO] start pure SFT epoch=18 num_batch=3206
[training info] mode=sft epoch=18 step=0/3206 metrics=cnt=1
total_loss=0.00
qa_cot_loss=0.00
qa_sft_tokens=774.00
qa_main_sft_loss=0.00
qa_main_sft_tokens=674.00
qa_relevance_sft_loss=0.00
qa_relevance_sft_tokens=100.00
lr=5.000e-05
[training info] mode=sft epoch=18 step=10/3206 metrics=cnt=10
total_loss=0.01
qa_cot_loss=0.01
qa_sft_tokens=632.30
qa_main_sft_loss=0.01
qa_main_sft_tokens=541.00
qa_relevance_sft_loss=0.00
qa_relevance_sft_tokens=91.30
lr=5.000e-05
[training info] mode=sft epoch=18 step=50/3206 metrics=cnt=40
total_loss=0.01
qa_cot_loss=0.01
qa_sft_tokens=807.12
qa_main_sft_loss=0.01
qa_main_sft_tokens=709.77
qa_relevance_sft_loss=0.00
qa_relevance_sft_tokens=97.35
lr=5.000e-05
[training info] mode=sft epoch=18 step=100/3206 metrics=cnt=50
total_loss=0.01
qa_cot_loss=0.01
qa_sft_tokens=801.14
qa_main_sft_loss=0.01
qa_main_sft_tokens=718.24
qa_relevance_sft_loss=0.00
qa_relevance_sft_tokens=82.90
lr=5.000e-05
[2026-09-04 17:48:10,477] [INFO] [AiScheduler#1] [executor.py:361] execute_once running, len(finish_tasks): [0]
[training info] mode=sft epoch=18 step=1000/3206 metrics=cnt=900
total_loss=0.01
qa_cot_loss=0.01
qa_sft_tokens=756.35
qa_main_sft_loss=0.01
qa_main_sft_tokens=664.58
qa_relevance_sft_loss=0.00
qa_relevance_sft_tokens=91.77
lr=5.000e-05
[training info] mode=sft epoch=18 step=2000/3206 metrics=cnt=1000
total_loss=0.01
qa_cot_loss=0.01
qa_sft_tokens=750.74
qa_main_sft_loss=0.01
qa_main_sft_tokens=661.12
qa_relevance_sft_loss=0.00
qa_relevance_sft_tokens=89.62
lr=5.000e-05
[2026-09-04 18:48:13,551] [INFO] [AiScheduler#1] [executor.py:361] execute_once running, len(finish_tasks): [0]
[training info] mode=sft epoch=18 step=3000/3206 metrics=cnt=1000
total_loss=0.01
qa_cot_loss=0.01
qa_sft_tokens=777.77
qa_main_sft_loss=0.01
qa_main_sft_tokens=688.46
qa_relevance_sft_loss=0.00
qa_relevance_sft_tokens=89.31
lr=5.000e-05
[training info] mode=sft epoch=18 step=3205/3206 metrics=cnt=1205
total_loss=0.01
qa_cot_loss=0.01
qa_sft_tokens=774.92
qa_main_sft_loss=0.01
qa_main_sft_tokens=685.23
qa_relevance_sft_loss=0.00
qa_relevance_sft_tokens=89.69
lr=5.000e-05
[BARRIER-PROBE][epoch18_sft_train_end] rank=0 wait=0.01s ok
[dev SFT] epoch=18 dev/qa_cot_loss=1.24745 dev/qa_perplexity=3.48147 dev/qa_sft_tokens=2.9848e+06 dev/qa_main_sft_loss=1.3847 dev/qa_main_perplexity=3.99363 dev/qa_main_sft_tokens=2.66882e+06 dev/qa_relevance_sft_loss=0.0882724 dev/qa_relevance_perplexity=1.09229 dev/qa_relevance_sft_tokens=315990 dev/qa_main_token_accuracy=0.823648 dev/qa_relevance_token_accuracy=0.984648
[BARRIER-PROBE][epoch18_sft_after_save] rank=0 wait=0.00s ok
[INFO] start pure SFT epoch=19 num_batch=3206
[training info] mode=sft epoch=19 step=0/3206 metrics=cnt=1
total_loss=0.00
qa_cot_loss=0.00
qa_sft_tokens=877.00
qa_main_sft_loss=0.00
qa_main_sft_tokens=781.00
qa_relevance_sft_loss=0.00
qa_relevance_sft_tokens=96.00
lr=5.000e-05
[training info] mode=sft epoch=19 step=10/3206 metrics=cnt=10
total_loss=0.01
qa_cot_loss=0.01
qa_sft_tokens=763.30
qa_main_sft_loss=0.01
qa_main_sft_tokens=677.60
qa_relevance_sft_loss=0.00
qa_relevance_sft_tokens=85.70
lr=5.000e-05
[training info] mode=sft epoch=19 step=50/3206 metrics=cnt=40
total_loss=0.01
qa_cot_loss=0.01
qa_sft_tokens=732.00
qa_main_sft_loss=0.01
qa_main_sft_tokens=635.90
qa_relevance_sft_loss=0.00
qa_relevance_sft_tokens=96.10
lr=5.000e-05
[training info] mode=sft epoch=19 step=100/3206 metrics=cnt=50
total_loss=0.00
qa_cot_loss=0.00
qa_sft_tokens=679.98
qa_main_sft_loss=0.01
qa_main_sft_tokens=581.62
qa_relevance_sft_loss=0.00
qa_relevance_sft_tokens=98.36
lr=5.000e-05
[training info] mode=sft epoch=19 step=1000/3206 metrics=cnt=900
total_loss=0.01
qa_cot_loss=0.01
qa_sft_tokens=751.73
qa_main_sft_loss=0.01
qa_main_sft_tokens=662.46
qa_relevance_sft_loss=0.00
qa_relevance_sft_tokens=89.27
lr=5.000e-05
[2026-09-04 19:48:16,627] [INFO] [AiScheduler#1] [executor.py:361] execute_once running, len(finish_tasks): [0]
[training info] mode=sft epoch=19 step=2000/3206 metrics=cnt=1000
total_loss=0.01
qa_cot_loss=0.01
qa_sft_tokens=777.73
qa_main_sft_loss=0.01
qa_main_sft_tokens=688.22
qa_relevance_sft_loss=0.00
qa_relevance_sft_tokens=89.52
lr=5.000e-05
[training info] mode=sft epoch=19 step=3000/3206 metrics=cnt=1000
total_loss=0.01
qa_cot_loss=0.01
qa_sft_tokens=758.98
qa_main_sft_loss=0.01
qa_main_sft_tokens=668.12
qa_relevance_sft_loss=0.00
qa_relevance_sft_tokens=90.85
lr=5.000e-05
[training info] mode=sft epoch=19 step=3205/3206 metrics=cnt=1205
total_loss=0.01
qa_cot_loss=0.01
qa_sft_tokens=756.31
qa_main_sft_loss=0.01
qa_main_sft_tokens=665.24
qa_relevance_sft_loss=0.00
qa_relevance_sft_tokens=91.08
lr=5.000e-05
[BARRIER-PROBE][epoch19_sft_train_end] rank=0 wait=0.00s ok
[dev SFT] epoch=19 dev/qa_cot_loss=1.27141 dev/qa_perplexity=3.56589 dev/qa_sft_tokens=2.9848e+06 dev/qa_main_sft_loss=1.41213 dev/qa_main_perplexity=4.10468 dev/qa_main_sft_tokens=2.66882e+06 dev/qa_relevance_sft_loss=0.0829581 dev/qa_relevance_perplexity=1.0865 dev/qa_relevance_sft_tokens=315990 dev/qa_main_token_accuracy=0.820927 dev/qa_relevance_token_accuracy=0.985395
[BARRIER-PROBE][epoch19_sft_after_save] rank=0 wait=0.00s ok
[INFO] start pure SFT epoch=20 num_batch=3206
[training info] mode=sft epoch=20 step=0/3206 metrics=cnt=1
total_loss=0.00
qa_cot_loss=0.00
qa_sft_tokens=497.00
qa_main_sft_loss=0.00
qa_main_sft_tokens=416.00
qa_relevance_sft_loss=0.00
qa_relevance_sft_tokens=81.00
lr=5.000e-05
[training info] mode=sft epoch=20 step=10/3206 metrics=cnt=10
total_loss=0.00
qa_cot_loss=0.00
qa_sft_tokens=630.10
qa_main_sft_loss=0.00
qa_main_sft_tokens=543.20
qa_relevance_sft_loss=0.00
qa_relevance_sft_tokens=86.90
lr=5.000e-05
[training info] mode=sft epoch=20 step=50/3206 metrics=cnt=40
total_loss=0.00
qa_cot_loss=0.00
qa_sft_tokens=733.62
qa_main_sft_loss=0.01
qa_main_sft_tokens=645.82
qa_relevance_sft_loss=0.00
qa_relevance_sft_tokens=87.80
lr=5.000e-05
[training info] mode=sft epoch=20 step=100/3206 metrics=cnt=50
total_loss=0.01
qa_cot_loss=0.01
qa_sft_tokens=758.16
qa_main_sft_loss=0.01
qa_main_sft_tokens=675.04
qa_relevance_sft_loss=0.01
qa_relevance_sft_tokens=83.12
lr=5.000e-05
[2026-09-04 20:48:19,791] [INFO] [AiScheduler#1] [executor.py:361] execute_once running, len(finish_tasks): [0]
[training info] mode=sft epoch=20 step=1000/3206 metrics=cnt=900
total_loss=0.01
qa_cot_loss=0.01
qa_sft_tokens=781.26
qa_main_sft_loss=0.01
qa_main_sft_tokens=693.26
qa_relevance_sft_loss=0.00
qa_relevance_sft_tokens=88.00
lr=5.000e-05
[training info] mode=sft epoch=20 step=2000/3206 metrics=cnt=1000
total_loss=0.01
qa_cot_loss=0.01
qa_sft_tokens=739.34
qa_main_sft_loss=0.01
qa_main_sft_tokens=648.93
qa_relevance_sft_loss=0.00
qa_relevance_sft_tokens=90.42
lr=5.000e-05
[training info] mode=sft epoch=20 step=3000/3206 metrics=cnt=1000
total_loss=0.01
qa_cot_loss=0.01
qa_sft_tokens=761.54
qa_main_sft_loss=0.01
qa_main_sft_tokens=671.85
qa_relevance_sft_loss=0.00
qa_relevance_sft_tokens=89.69
lr=5.000e-05
[training info] mode=sft epoch=20 step=3205/3206 metrics=cnt=1205
total_loss=0.01
qa_cot_loss=0.01
qa_sft_tokens=757.42
qa_main_sft_loss=0.01
qa_main_sft_tokens=667.67
qa_relevance_sft_loss=0.00
qa_relevance_sft_tokens=89.75
lr=5.000e-05
[BARRIER-PROBE][epoch20_sft_train_end] rank=0 wait=0.03s ok
[2026-09-04 21:48:22,835] [INFO] [AiScheduler#1] [executor.py:361] execute_once running, len(finish_tasks): [0]
[dev SFT] epoch=20 dev/qa_cot_loss=1.25602 dev/qa_perplexity=3.51143 dev/qa_sft_tokens=2.9848e+06 dev/qa_main_sft_loss=1.39464 dev/qa_main_perplexity=4.03354 dev/qa_main_sft_tokens=2.66882e+06 dev/qa_relevance_sft_loss=0.0852368 dev/qa_relevance_perplexity=1.08897 dev/qa_relevance_sft_tokens=315990 dev/qa_main_token_accuracy=0.819835 dev/qa_relevance_token_accuracy=0.984901
[BARRIER-PROBE][epoch20_sft_after_save] rank=0 wait=0.00s ok
[INFO] start pure SFT epoch=21 num_batch=3206
[training info] mode=sft epoch=21 step=0/3206 metrics=cnt=1
total_loss=0.00
qa_cot_loss=0.00
qa_sft_tokens=808.00
qa_main_sft_loss=0.00
qa_main_sft_tokens=713.00
qa_relevance_sft_loss=0.00
qa_relevance_sft_tokens=95.00
lr=5.000e-05
[training info] mode=sft epoch=21 step=10/3206 metrics=cnt=10
total_loss=0.01
qa_cot_loss=0.01
qa_sft_tokens=823.30
qa_main_sft_loss=0.01
qa_main_sft_tokens=737.60
qa_relevance_sft_loss=0.01
qa_relevance_sft_tokens=85.70
lr=5.000e-05
[training info] mode=sft epoch=21 step=50/3206 metrics=cnt=40
total_loss=0.00
qa_cot_loss=0.00
qa_sft_tokens=816.87
qa_main_sft_loss=0.01
qa_main_sft_tokens=731.62
qa_relevance_sft_loss=0.00
qa_relevance_sft_tokens=85.25
lr=5.000e-05
[training info] mode=sft epoch=21 step=100/3206 metrics=cnt=50
total_loss=0.01
qa_cot_loss=0.01
qa_sft_tokens=745.20
qa_main_sft_loss=0.01
qa_main_sft_tokens=660.80
qa_relevance_sft_loss=0.00
qa_relevance_sft_tokens=84.40
lr=5.000e-05
[training info] mode=sft epoch=21 step=1000/3206 metrics=cnt=900
total_loss=0.01
qa_cot_loss=0.01
qa_sft_tokens=753.07
qa_main_sft_loss=0.01
qa_main_sft_tokens=661.75
qa_relevance_sft_loss=0.00
qa_relevance_sft_tokens=91.32
lr=5.000e-05
[training info] mode=sft epoch=21 step=2000/3206 metrics=cnt=1000
total_loss=0.01
qa_cot_loss=0.01
qa_sft_tokens=760.14
qa_main_sft_loss=0.01
qa_main_sft_tokens=671.59
qa_relevance_sft_loss=0.00
qa_relevance_sft_tokens=88.55
lr=5.000e-05
[2026-09-04 22:48:26,048] [INFO] [AiScheduler#1] [executor.py:361] execute_once running, len(finish_tasks): [0]
[training info] mode=sft epoch=21 step=3000/3206 metrics=cnt=1000
total_loss=0.01
qa_cot_loss=0.01
qa_sft_tokens=742.48
qa_main_sft_loss=0.01
qa_main_sft_tokens=651.42
qa_relevance_sft_loss=0.00
qa_relevance_sft_tokens=91.06
lr=5.000e-05
[training info] mode=sft epoch=21 step=3205/3206 metrics=cnt=1205
total_loss=0.01
qa_cot_loss=0.01
qa_sft_tokens=739.22
qa_main_sft_loss=0.01
qa_main_sft_tokens=648.18
qa_relevance_sft_loss=0.00
qa_relevance_sft_tokens=91.05
lr=5.000e-05
[BARRIER-PROBE][epoch21_sft_train_end] rank=0 wait=0.03s ok
[dev SFT] epoch=21 dev/qa_cot_loss=1.25451 dev/qa_perplexity=3.50613 dev/qa_sft_tokens=2.9848e+06 dev/qa_main_sft_loss=1.38969 dev/qa_main_perplexity=4.01362 dev/qa_main_sft_tokens=2.66882e+06 dev/qa_relevance_sft_loss=0.112799 dev/qa_relevance_perplexity=1.11941 dev/qa_relevance_sft_tokens=315990 dev/qa_main_token_accuracy=0.819661 dev/qa_relevance_token_accuracy=0.981617
[BARRIER-PROBE][epoch21_sft_after_save] rank=0 wait=0.00s ok
[INFO] start pure SFT epoch=22 num_batch=3206
[training info] mode=sft epoch=22 step=0/3206 metrics=cnt=1
total_loss=0.00
qa_cot_loss=0.00
qa_sft_tokens=669.00
qa_main_sft_loss=0.00
qa_main_sft_tokens=611.00
qa_relevance_sft_loss=0.00
qa_relevance_sft_tokens=58.00
lr=5.000e-05
[training info] mode=sft epoch=22 step=10/3206 metrics=cnt=10
total_loss=0.00
qa_cot_loss=0.00
qa_sft_tokens=756.00
qa_main_sft_loss=0.01
qa_main_sft_tokens=660.10
qa_relevance_sft_loss=0.00
qa_relevance_sft_tokens=95.90
lr=5.000e-05
[training info] mode=sft epoch=22 step=50/3206 metrics=cnt=40
total_loss=0.00
qa_cot_loss=0.00
qa_sft_tokens=700.62
qa_main_sft_loss=0.01
qa_main_sft_tokens=605.22
qa_relevance_sft_loss=0.00
qa_relevance_sft_tokens=95.40
lr=5.000e-05
[training info] mode=sft epoch=22 step=100/3206 metrics=cnt=50
total_loss=0.00
qa_cot_loss=0.00
qa_sft_tokens=768.94
qa_main_sft_loss=0.00
qa_main_sft_tokens=678.64
qa_relevance_sft_loss=0.00
qa_relevance_sft_tokens=90.30
lr=5.000e-05
[training info] mode=sft epoch=22 step=1000/3206 metrics=cnt=900
total_loss=0.01
qa_cot_loss=0.01
qa_sft_tokens=758.03
qa_main_sft_loss=0.01
qa_main_sft_tokens=669.06
qa_relevance_sft_loss=0.00
qa_relevance_sft_tokens=88.97
lr=5.000e-05
[2026-09-04 23:48:29,255] [INFO] [AiScheduler#1] [executor.py:361] execute_once running, len(finish_tasks): [0]
[training info] mode=sft epoch=22 step=2000/3206 metrics=cnt=1000
total_loss=0.01
qa_cot_loss=0.01
qa_sft_tokens=749.72
qa_main_sft_loss=0.01
qa_main_sft_tokens=660.09
qa_relevance_sft_loss=0.00
qa_relevance_sft_tokens=89.62
lr=5.000e-05
[training info] mode=sft epoch=22 step=3000/3206 metrics=cnt=1000
total_loss=0.01
qa_cot_loss=0.01
qa_sft_tokens=787.41
qa_main_sft_loss=0.01
qa_main_sft_tokens=698.41
qa_relevance_sft_loss=0.00
qa_relevance_sft_tokens=89.00
lr=5.000e-05
[training info] mode=sft epoch=22 step=3205/3206 metrics=cnt=1205
total_loss=0.01
qa_cot_loss=0.01
qa_sft_tokens=784.41
qa_main_sft_loss=0.01
qa_main_sft_tokens=695.41
qa_relevance_sft_loss=0.00
qa_relevance_sft_tokens=89.00
lr=5.000e-05
[BARRIER-PROBE][epoch22_sft_train_end] rank=0 wait=0.01s ok
[dev SFT] epoch=22 dev/qa_cot_loss=1.30077 dev/qa_perplexity=3.67212 dev/qa_sft_tokens=2.9848e+06 dev/qa_main_sft_loss=1.44342 dev/qa_main_perplexity=4.23515 dev/qa_main_sft_tokens=2.66882e+06 dev/qa_relevance_sft_loss=0.0959666 dev/qa_relevance_perplexity=1.10072 dev/qa_relevance_sft_tokens=315990 dev/qa_main_token_accuracy=0.820278 dev/qa_relevance_token_accuracy=0.983003
[BARRIER-PROBE][epoch22_sft_after_save] rank=0 wait=0.00s ok
[INFO] start pure SFT epoch=23 num_batch=3206
[training info] mode=sft epoch=23 step=0/3206 metrics=cnt=1
total_loss=0.00
qa_cot_loss=0.00
qa_sft_tokens=108.00
qa_main_sft_loss=0.00
qa_main_sft_tokens=0.00
qa_relevance_sft_loss=0.00
qa_relevance_sft_tokens=108.00
lr=5.000e-05
[training info] mode=sft epoch=23 step=10/3206 metrics=cnt=10
total_loss=0.01
qa_cot_loss=0.01
qa_sft_tokens=624.10
qa_main_sft_loss=0.01
qa_main_sft_tokens=523.40
qa_relevance_sft_loss=0.00
qa_relevance_sft_tokens=100.70
lr=5.000e-05
[training info] mode=sft epoch=23 step=50/3206 metrics=cnt=40
total_loss=0.00
qa_cot_loss=0.00
qa_sft_tokens=664.85
qa_main_sft_loss=0.00
qa_main_sft_tokens=571.12
qa_relevance_sft_loss=0.00
qa_relevance_sft_tokens=93.72
lr=5.000e-05
[training info] mode=sft epoch=23 step=100/3206 metrics=cnt=50
total_loss=0.00
qa_cot_loss=0.00
qa_sft_tokens=941.30
qa_main_sft_loss=0.00
qa_main_sft_tokens=860.14
qa_relevance_sft_loss=0.00
qa_relevance_sft_tokens=81.16
lr=5.000e-05
[2026-09-05 00:48:32,288] [INFO] [AiScheduler#1] [executor.py:361] execute_once running, len(finish_tasks): [0]
[training info] mode=sft epoch=23 step=1000/3206 metrics=cnt=900
total_loss=0.00
qa_cot_loss=0.00
qa_sft_tokens=768.90
qa_main_sft_loss=0.01
qa_main_sft_tokens=680.21
qa_relevance_sft_loss=0.00
qa_relevance_sft_tokens=88.69
lr=5.000e-05
[training info] mode=sft epoch=23 step=2000/3206 metrics=cnt=1000
total_loss=0.01
qa_cot_loss=0.01
qa_sft_tokens=747.81
qa_main_sft_loss=0.01
qa_main_sft_tokens=658.45
qa_relevance_sft_loss=0.00
qa_relevance_sft_tokens=89.36
lr=5.000e-05
[training info] mode=sft epoch=23 step=3000/3206 metrics=cnt=1000
total_loss=0.01
qa_cot_loss=0.01
qa_sft_tokens=774.60
qa_main_sft_loss=0.01
qa_main_sft_tokens=686.11
qa_relevance_sft_loss=0.00
qa_relevance_sft_tokens=88.49
lr=5.000e-05
[2026-09-05 01:48:35,393] [INFO] [AiScheduler#1] [executor.py:361] execute_once running, len(finish_tasks): [0]
[training info] mode=sft epoch=23 step=3205/3206 metrics=cnt=1205
total_loss=0.01
qa_cot_loss=0.01
qa_sft_tokens=763.11
qa_main_sft_loss=0.01
qa_main_sft_tokens=673.88
qa_relevance_sft_loss=0.00
qa_relevance_sft_tokens=89.23
lr=5.000e-05
[BARRIER-PROBE][epoch23_sft_train_end] rank=0 wait=0.01s ok
[dev SFT] epoch=23 dev/qa_cot_loss=1.2868 dev/qa_perplexity=3.62119 dev/qa_sft_tokens=2.9848e+06 dev/qa_main_sft_loss=1.42574 dev/qa_main_perplexity=4.16093 dev/qa_main_sft_tokens=2.66882e+06 dev/qa_relevance_sft_loss=0.11337 dev/qa_relevance_perplexity=1.12005 dev/qa_relevance_sft_tokens=315990 dev/qa_main_token_accuracy=0.818844 dev/qa_relevance_token_accuracy=0.983316
[BARRIER-PROBE][epoch23_sft_after_save] rank=0 wait=0.00s ok
[INFO] start pure SFT epoch=24 num_batch=3206
[training info] mode=sft epoch=24 step=0/3206 metrics=cnt=1
total_loss=0.01
qa_cot_loss=0.01
qa_sft_tokens=1039.00
qa_main_sft_loss=0.01
qa_main_sft_tokens=944.00
qa_relevance_sft_loss=0.00
qa_relevance_sft_tokens=95.00
lr=5.000e-05
[training info] mode=sft epoch=24 step=10/3206 metrics=cnt=10
total_loss=0.00
qa_cot_loss=0.00
qa_sft_tokens=576.20
qa_main_sft_loss=0.01
qa_main_sft_tokens=477.20
qa_relevance_sft_loss=0.00
qa_relevance_sft_tokens=99.00
lr=5.000e-05
[training info] mode=sft epoch=24 step=50/3206 metrics=cnt=40
total_loss=0.00
qa_cot_loss=0.00
qa_sft_tokens=688.72
qa_main_sft_loss=0.00
qa_main_sft_tokens=590.07
qa_relevance_sft_loss=0.00
qa_relevance_sft_tokens=98.65
lr=5.000e-05
[training info] mode=sft epoch=24 step=100/3206 metrics=cnt=50
total_loss=0.00
qa_cot_loss=0.00
qa_sft_tokens=730.66
qa_main_sft_loss=0.00
qa_main_sft_tokens=631.44
qa_relevance_sft_loss=0.00
qa_relevance_sft_tokens=99.22
lr=5.000e-05
[training info] mode=sft epoch=24 step=1000/3206 metrics=cnt=900
total_loss=0.01
qa_cot_loss=0.01
qa_sft_tokens=745.79
qa_main_sft_loss=0.01
qa_main_sft_tokens=654.72
qa_relevance_sft_loss=0.00
qa_relevance_sft_tokens=91.08
lr=5.000e-05
[training info] mode=sft epoch=24 step=2000/3206 metrics=cnt=1000
total_loss=0.00
qa_cot_loss=0.00
qa_sft_tokens=761.96
qa_main_sft_loss=0.01
qa_main_sft_tokens=672.62
qa_relevance_sft_loss=0.00
qa_relevance_sft_tokens=89.34
lr=5.000e-05
[2026-09-05 02:48:38,535] [INFO] [AiScheduler#1] [executor.py:361] execute_once running, len(finish_tasks): [0]
[training info] mode=sft epoch=24 step=3000/3206 metrics=cnt=1000
total_loss=0.01
qa_cot_loss=0.01
qa_sft_tokens=771.64
qa_main_sft_loss=0.01
qa_main_sft_tokens=682.42
qa_relevance_sft_loss=0.00
qa_relevance_sft_tokens=89.22
lr=5.000e-05
[training info] mode=sft epoch=24 step=3205/3206 metrics=cnt=1205
total_loss=0.01
qa_cot_loss=0.01
qa_sft_tokens=771.78
qa_main_sft_loss=0.01
qa_main_sft_tokens=682.32
qa_relevance_sft_loss=0.00
qa_relevance_sft_tokens=89.46
lr=5.000e-05
[BARRIER-PROBE][epoch24_sft_train_end] rank=0 wait=0.00s ok
[dev SFT] epoch=24 dev/qa_cot_loss=1.33496 dev/qa_perplexity=3.79985 dev/qa_sft_tokens=2.9848e+06 dev/qa_main_sft_loss=1.48117 dev/qa_main_perplexity=4.39808 dev/qa_main_sft_tokens=2.66882e+06 dev/qa_relevance_sft_loss=0.100127 dev/qa_relevance_perplexity=1.10531 dev/qa_relevance_sft_tokens=315990 dev/qa_main_token_accuracy=0.817459 dev/qa_relevance_token_accuracy=0.984376
[BARRIER-PROBE][epoch24_sft_after_save] rank=0 wait=0.00s ok
[INFO] start pure SFT epoch=25 num_batch=3206
[training info] mode=sft epoch=25 step=0/3206 metrics=cnt=1
total_loss=0.00
qa_cot_loss=0.00
qa_sft_tokens=1102.00
qa_main_sft_loss=0.00
qa_main_sft_tokens=1067.00
qa_relevance_sft_loss=0.00
qa_relevance_sft_tokens=35.00
lr=5.000e-05
[training info] mode=sft epoch=25 step=10/3206 metrics=cnt=10
total_loss=0.00
qa_cot_loss=0.00
qa_sft_tokens=799.10
qa_main_sft_loss=0.00
qa_main_sft_tokens=718.10
qa_relevance_sft_loss=0.00
qa_relevance_sft_tokens=81.00
lr=5.000e-05
[training info] mode=sft epoch=25 step=50/3206 metrics=cnt=40
total_loss=0.01
qa_cot_loss=0.01
qa_sft_tokens=667.57
qa_main_sft_loss=0.01
qa_main_sft_tokens=570.20
qa_relevance_sft_loss=0.00
qa_relevance_sft_tokens=97.37
lr=5.000e-05
[training info] mode=sft epoch=25 step=100/3206 metrics=cnt=50
total_loss=0.00
qa_cot_loss=0.00
qa_sft_tokens=795.00
qa_main_sft_loss=0.00
qa_main_sft_tokens=708.20
qa_relevance_sft_loss=0.00
qa_relevance_sft_tokens=86.80
lr=5.000e-05
[training info] mode=sft epoch=25 step=1000/3206 metrics=cnt=900
total_loss=0.00
qa_cot_loss=0.00
qa_sft_tokens=749.27
qa_main_sft_loss=0.01
qa_main_sft_tokens=659.93
qa_relevance_sft_loss=0.00
qa_relevance_sft_tokens=89.34
lr=5.000e-05
[2026-09-05 03:48:41,701] [INFO] [AiScheduler#1] [executor.py:361] execute_once running, len(finish_tasks): [0]
[training info] mode=sft epoch=25 step=2000/3206 metrics=cnt=1000
total_loss=0.01
qa_cot_loss=0.01
qa_sft_tokens=753.88
qa_main_sft_loss=0.01
qa_main_sft_tokens=662.78
qa_relevance_sft_loss=0.00
qa_relevance_sft_tokens=91.10
lr=5.000e-05
[training info] mode=sft epoch=25 step=3000/3206 metrics=cnt=1000
total_loss=0.01
qa_cot_loss=0.01
qa_sft_tokens=745.22
qa_main_sft_loss=0.01
qa_main_sft_tokens=654.85
qa_relevance_sft_loss=0.00
qa_relevance_sft_tokens=90.37
lr=5.000e-05
[training info] mode=sft epoch=25 step=3205/3206 metrics=cnt=1205
total_loss=0.01
qa_cot_loss=0.01
qa_sft_tokens=748.80
qa_main_sft_loss=0.01
qa_main_sft_tokens=657.97
qa_relevance_sft_loss=0.00
qa_relevance_sft_tokens=90.83
lr=5.000e-05
[BARRIER-PROBE][epoch25_sft_train_end] rank=0 wait=0.00s ok
[dev SFT] epoch=25 dev/qa_cot_loss=1.34574 dev/qa_perplexity=3.84103 dev/qa_sft_tokens=2.9848e+06 dev/qa_main_sft_loss=1.48886 dev/qa_main_perplexity=4.43206 dev/qa_main_sft_tokens=2.66882e+06 dev/qa_relevance_sft_loss=0.136928 dev/qa_relevance_perplexity=1.14675 dev/qa_relevance_sft_tokens=315990 dev/qa_main_token_accuracy=0.817541 dev/qa_relevance_token_accuracy=0.98162
[BARRIER-PROBE][epoch25_sft_after_save] rank=0 wait=0.00s ok
[INFO] start pure SFT epoch=26 num_batch=3206
[training info] mode=sft epoch=26 step=0/3206 metrics=cnt=1
total_loss=0.01
qa_cot_loss=0.01
qa_sft_tokens=1068.00
qa_main_sft_loss=0.01
qa_main_sft_tokens=972.00
qa_relevance_sft_loss=0.00
qa_relevance_sft_tokens=96.00
lr=5.000e-05
[training info] mode=sft epoch=26 step=10/3206 metrics=cnt=10
total_loss=0.01
qa_cot_loss=0.01
qa_sft_tokens=871.20
qa_main_sft_loss=0.01
qa_main_sft_tokens=785.90
qa_relevance_sft_loss=0.00
qa_relevance_sft_tokens=85.30
lr=5.000e-05
[training info] mode=sft epoch=26 step=50/3206 metrics=cnt=40
total_loss=0.01
qa_cot_loss=0.01
qa_sft_tokens=750.22
qa_main_sft_loss=0.01
qa_main_sft_tokens=655.62
qa_relevance_sft_loss=0.00
qa_relevance_sft_tokens=94.60
lr=5.000e-05
[training info] mode=sft epoch=26 step=100/3206 metrics=cnt=50
total_loss=0.00
qa_cot_loss=0.00
qa_sft_tokens=794.42
qa_main_sft_loss=0.00
qa_main_sft_tokens=704.08
qa_relevance_sft_loss=0.00
qa_relevance_sft_tokens=90.34
lr=5.000e-05
[2026-09-05 04:48:44,968] [INFO] [AiScheduler#1] [executor.py:361] execute_once running, len(finish_tasks): [0]
[training info] mode=sft epoch=26 step=1000/3206 metrics=cnt=900
total_loss=0.00
qa_cot_loss=0.00
qa_sft_tokens=762.25
qa_main_sft_loss=0.01
qa_main_sft_tokens=671.76
qa_relevance_sft_loss=0.00
qa_relevance_sft_tokens=90.49
lr=5.000e-05
[training info] mode=sft epoch=26 step=2000/3206 metrics=cnt=1000
total_loss=0.00
qa_cot_loss=0.00
qa_sft_tokens=754.56
qa_main_sft_loss=0.01
qa_main_sft_tokens=663.79
qa_relevance_sft_loss=0.00
qa_relevance_sft_tokens=90.77
lr=5.000e-05
[2026-09-05 05:48:48,237] [INFO] [AiScheduler#1] [executor.py:361] execute_once running, len(finish_tasks): [0]
[training info] mode=sft epoch=26 step=3000/3206 metrics=cnt=1000
total_loss=0.00
qa_cot_loss=0.00
qa_sft_tokens=754.89
qa_main_sft_loss=0.01
qa_main_sft_tokens=665.24
qa_relevance_sft_loss=0.00
qa_relevance_sft_tokens=89.65
lr=5.000e-05
[training info] mode=sft epoch=26 step=3205/3206 metrics=cnt=1205
total_loss=0.01
qa_cot_loss=0.01
qa_sft_tokens=757.21
qa_main_sft_loss=0.01
qa_main_sft_tokens=667.30
qa_relevance_sft_loss=0.00
qa_relevance_sft_tokens=89.92
lr=5.000e-05
[BARRIER-PROBE][epoch26_sft_train_end] rank=0 wait=0.00s ok
[dev SFT] epoch=26 dev/qa_cot_loss=1.34068 dev/qa_perplexity=3.82163 dev/qa_sft_tokens=2.9848e+06 dev/qa_main_sft_loss=1.48745 dev/qa_main_perplexity=4.42579 dev/qa_main_sft_tokens=2.66882e+06 dev/qa_relevance_sft_loss=0.101045 dev/qa_relevance_perplexity=1.10633 dev/qa_relevance_sft_tokens=315990 dev/qa_main_token_accuracy=0.817802 dev/qa_relevance_token_accuracy=0.983408
[BARRIER-PROBE][epoch26_sft_after_save] rank=0 wait=0.00s ok
[INFO] start pure SFT epoch=27 num_batch=3206
[training info] mode=sft epoch=27 step=0/3206 metrics=cnt=1
total_loss=0.00
qa_cot_loss=0.00
qa_sft_tokens=972.00
qa_main_sft_loss=0.00
qa_main_sft_tokens=857.00
qa_relevance_sft_loss=0.00
qa_relevance_sft_tokens=115.00
lr=5.000e-05
[training info] mode=sft epoch=27 step=10/3206 metrics=cnt=10
total_loss=0.00
qa_cot_loss=0.00
qa_sft_tokens=805.20
qa_main_sft_loss=0.00
qa_main_sft_tokens=709.20
qa_relevance_sft_loss=0.00
qa_relevance_sft_tokens=96.00
lr=5.000e-05
[training info] mode=sft epoch=27 step=50/3206 metrics=cnt=40
total_loss=0.00
qa_cot_loss=0.00
qa_sft_tokens=869.22
qa_main_sft_loss=0.00
qa_main_sft_tokens=779.97
qa_relevance_sft_loss=0.00
qa_relevance_sft_tokens=89.25
lr=5.000e-05
[training info] mode=sft epoch=27 step=100/3206 metrics=cnt=50
total_loss=0.00
qa_cot_loss=0.00
qa_sft_tokens=675.26
qa_main_sft_loss=0.00
qa_main_sft_tokens=579.90
qa_relevance_sft_loss=0.00
qa_relevance_sft_tokens=95.36
lr=5.000e-05
[training info] mode=sft epoch=27 step=1000/3206 metrics=cnt=900
total_loss=0.00
qa_cot_loss=0.00
qa_sft_tokens=749.57
qa_main_sft_loss=0.01
qa_main_sft_tokens=657.75
qa_relevance_sft_loss=0.00
qa_relevance_sft_tokens=91.82
lr=5.000e-05
[2026-09-05 06:48:51,393] [INFO] [AiScheduler#1] [executor.py:361] execute_once running, len(finish_tasks): [0]
[training info] mode=sft epoch=27 step=2000/3206 metrics=cnt=1000
total_loss=0.01
qa_cot_loss=0.01
qa_sft_tokens=784.93
qa_main_sft_loss=0.01
qa_main_sft_tokens=697.04
qa_relevance_sft_loss=0.00
qa_relevance_sft_tokens=87.88
lr=5.000e-05
[training info] mode=sft epoch=27 step=3000/3206 metrics=cnt=1000
total_loss=0.00
qa_cot_loss=0.00
qa_sft_tokens=761.23
qa_main_sft_loss=0.01
qa_main_sft_tokens=671.28
qa_relevance_sft_loss=0.00
qa_relevance_sft_tokens=89.95
lr=5.000e-05
[training info] mode=sft epoch=27 step=3205/3206 metrics=cnt=1205
total_loss=0.00
qa_cot_loss=0.00
qa_sft_tokens=760.24
qa_main_sft_loss=0.01
qa_main_sft_tokens=670.24
qa_relevance_sft_loss=0.00
qa_relevance_sft_tokens=90.00
lr=5.000e-05
[BARRIER-PROBE][epoch27_sft_train_end] rank=0 wait=0.01s ok
[dev SFT] epoch=27 dev/qa_cot_loss=1.34702 dev/qa_perplexity=3.84593 dev/qa_sft_tokens=2.9848e+06 dev/qa_main_sft_loss=1.49375 dev/qa_main_perplexity=4.45378 dev/qa_main_sft_tokens=2.66882e+06 dev/qa_relevance_sft_loss=0.107692 dev/qa_relevance_perplexity=1.1137 dev/qa_relevance_sft_tokens=315990 dev/qa_main_token_accuracy=0.815112 dev/qa_relevance_token_accuracy=0.982604
[BARRIER-PROBE][epoch27_sft_after_save] rank=0 wait=0.00s ok
[INFO] start pure SFT epoch=28 num_batch=3206
[training info] mode=sft epoch=28 step=0/3206 metrics=cnt=1
total_loss=0.01
qa_cot_loss=0.01
qa_sft_tokens=716.00
qa_main_sft_loss=0.01
qa_main_sft_tokens=601.00
qa_relevance_sft_loss=0.00
qa_relevance_sft_tokens=115.00
lr=5.000e-05
[training info] mode=sft epoch=28 step=10/3206 metrics=cnt=10
total_loss=0.00
qa_cot_loss=0.00
qa_sft_tokens=920.30
qa_main_sft_loss=0.00
qa_main_sft_tokens=845.00
qa_relevance_sft_loss=0.00
qa_relevance_sft_tokens=75.30
lr=5.000e-05
[training info] mode=sft epoch=28 step=50/3206 metrics=cnt=40
total_loss=0.01
qa_cot_loss=0.01
qa_sft_tokens=780.82
qa_main_sft_loss=0.01
qa_main_sft_tokens=693.10
qa_relevance_sft_loss=0.00
qa_relevance_sft_tokens=87.72
lr=5.000e-05
[training info] mode=sft epoch=28 step=100/3206 metrics=cnt=50
total_loss=0.00
qa_cot_loss=0.00
qa_sft_tokens=740.48
qa_main_sft_loss=0.00
qa_main_sft_tokens=653.30
qa_relevance_sft_loss=0.00
qa_relevance_sft_tokens=87.18
lr=5.000e-05
[training info] mode=sft epoch=28 step=1000/3206 metrics=cnt=900
total_loss=0.00
qa_cot_loss=0.00
qa_sft_tokens=737.89
qa_main_sft_loss=0.01
qa_main_sft_tokens=646.22
qa_relevance_sft_loss=0.00
qa_relevance_sft_tokens=91.67
lr=5.000e-05
[2026-09-05 07:48:54,568] [INFO] [AiScheduler#1] [executor.py:361] execute_once running, len(finish_tasks): [0]
[training info] mode=sft epoch=28 step=2000/3206 metrics=cnt=1000
total_loss=0.00
qa_cot_loss=0.00
qa_sft_tokens=766.98
qa_main_sft_loss=0.01
qa_main_sft_tokens=677.49
qa_relevance_sft_loss=0.00
qa_relevance_sft_tokens=89.49
lr=5.000e-05
[training info] mode=sft epoch=28 step=3000/3206 metrics=cnt=1000
total_loss=0.00
qa_cot_loss=0.00
qa_sft_tokens=750.53
qa_main_sft_loss=0.01
qa_main_sft_tokens=660.84
qa_relevance_sft_loss=0.00
qa_relevance_sft_tokens=89.69
lr=5.000e-05
[training info] mode=sft epoch=28 step=3205/3206 metrics=cnt=1205
total_loss=0.00
qa_cot_loss=0.00
qa_sft_tokens=745.67
qa_main_sft_loss=0.01
qa_main_sft_tokens=655.39
qa_relevance_sft_loss=0.00
qa_relevance_sft_tokens=90.27
lr=5.000e-05
[BARRIER-PROBE][epoch28_sft_train_end] rank=0 wait=0.02s ok
[dev SFT] epoch=28 dev/qa_cot_loss=1.36828 dev/qa_perplexity=3.9286 dev/qa_sft_tokens=2.9848e+06 dev/qa_main_sft_loss=1.51746 dev/qa_main_perplexity=4.56063 dev/qa_main_sft_tokens=2.66882e+06 dev/qa_relevance_sft_loss=0.108343 dev/qa_relevance_perplexity=1.11443 dev/qa_relevance_sft_tokens=315990 dev/qa_main_token_accuracy=0.81564 dev/qa_relevance_token_accuracy=0.9823
[BARRIER-PROBE][epoch28_sft_after_save] rank=0 wait=0.00s ok
[INFO] start pure SFT epoch=29 num_batch=3206
[training info] mode=sft epoch=29 step=0/3206 metrics=cnt=1
total_loss=0.00
qa_cot_loss=0.00
qa_sft_tokens=627.00
qa_main_sft_loss=0.00
qa_main_sft_tokens=489.00
qa_relevance_sft_loss=0.00
qa_relevance_sft_tokens=138.00
lr=5.000e-05
[training info] mode=sft epoch=29 step=10/3206 metrics=cnt=10
total_loss=0.00
qa_cot_loss=0.00
qa_sft_tokens=589.80
qa_main_sft_loss=0.00
qa_main_sft_tokens=495.60
qa_relevance_sft_loss=0.00
qa_relevance_sft_tokens=94.20
lr=5.000e-05
[training info] mode=sft epoch=29 step=50/3206 metrics=cnt=40
total_loss=0.00
qa_cot_loss=0.00
qa_sft_tokens=839.97
qa_main_sft_loss=0.00
qa_main_sft_tokens=759.97
qa_relevance_sft_loss=0.00
qa_relevance_sft_tokens=80.00
lr=5.000e-05
[training info] mode=sft epoch=29 step=100/3206 metrics=cnt=50
total_loss=0.01
qa_cot_loss=0.01
qa_sft_tokens=761.72
qa_main_sft_loss=0.01
qa_main_sft_tokens=667.28
qa_relevance_sft_loss=0.00
qa_relevance_sft_tokens=94.44
lr=5.000e-05
[2026-09-05 08:48:57,705] [INFO] [AiScheduler#1] [executor.py:361] execute_once running, len(finish_tasks): [0]
[training info] mode=sft epoch=29 step=1000/3206 metrics=cnt=900
total_loss=0.00
qa_cot_loss=0.00
qa_sft_tokens=745.36
qa_main_sft_loss=0.00
qa_main_sft_tokens=654.59
qa_relevance_sft_loss=0.00
qa_relevance_sft_tokens=90.77
lr=5.000e-05
[training info] mode=sft epoch=29 step=2000/3206 metrics=cnt=1000
total_loss=0.00
qa_cot_loss=0.00
qa_sft_tokens=752.15
qa_main_sft_loss=0.00
qa_main_sft_tokens=662.24
qa_relevance_sft_loss=0.00
qa_relevance_sft_tokens=89.91
lr=5.000e-05
[2026-09-05 09:49:00,847] [INFO] [AiScheduler#1] [executor.py:361] execute_once running, len(finish_tasks): [0]
[training info] mode=sft epoch=29 step=3000/3206 metrics=cnt=1000
total_loss=0.00
qa_cot_loss=0.00
qa_sft_tokens=759.71
qa_main_sft_loss=0.00
qa_main_sft_tokens=669.88
qa_relevance_sft_loss=0.00
qa_relevance_sft_tokens=89.83
lr=5.000e-05
[training info] mode=sft epoch=29 step=3205/3206 metrics=cnt=1205
total_loss=0.00
qa_cot_loss=0.00
qa_sft_tokens=765.23
qa_main_sft_loss=0.00
qa_main_sft_tokens=675.62
qa_relevance_sft_loss=0.00
qa_relevance_sft_tokens=89.61
lr=5.000e-05
[BARRIER-PROBE][epoch29_sft_train_end] rank=0 wait=0.02s ok
[dev SFT] epoch=29 dev/qa_cot_loss=1.37992 dev/qa_perplexity=3.97459 dev/qa_sft_tokens=2.9848e+06 dev/qa_main_sft_loss=1.53205 dev/qa_main_perplexity=4.62764 dev/qa_main_sft_tokens=2.66882e+06 dev/qa_relevance_sft_loss=0.0950971 dev/qa_relevance_perplexity=1.09977 dev/qa_relevance_sft_tokens=315990 dev/qa_main_token_accuracy=0.815928 dev/qa_relevance_token_accuracy=0.983531
[BARRIER-PROBE][epoch29_sft_after_save] rank=0 wait=0.00s ok
[INFO] start pure SFT epoch=30 num_batch=3206
[training info] mode=sft epoch=30 step=0/3206 metrics=cnt=1
total_loss=0.00
qa_cot_loss=0.00
qa_sft_tokens=611.00
qa_main_sft_loss=0.00
qa_main_sft_tokens=474.00
qa_relevance_sft_loss=0.00
qa_relevance_sft_tokens=137.00
lr=5.000e-05
[training info] mode=sft epoch=30 step=10/3206 metrics=cnt=10
total_loss=0.00
qa_cot_loss=0.00
qa_sft_tokens=624.30
qa_main_sft_loss=0.00
qa_main_sft_tokens=530.50
qa_relevance_sft_loss=0.00
qa_relevance_sft_tokens=93.80
lr=5.000e-05
[training info] mode=sft epoch=30 step=50/3206 metrics=cnt=40
total_loss=0.00
qa_cot_loss=0.00
qa_sft_tokens=710.15
qa_main_sft_loss=0.01
qa_main_sft_tokens=616.20
qa_relevance_sft_loss=0.00
qa_relevance_sft_tokens=93.95
lr=5.000e-05
[training info] mode=sft epoch=30 step=100/3206 metrics=cnt=50
total_loss=0.00
qa_cot_loss=0.00
qa_sft_tokens=748.22
qa_main_sft_loss=0.00
qa_main_sft_tokens=655.74
qa_relevance_sft_loss=0.00
qa_relevance_sft_tokens=92.48
lr=5.000e-05
[training info] mode=sft epoch=30 step=1000/3206 metrics=cnt=900
total_loss=0.00
qa_cot_loss=0.00
qa_sft_tokens=748.17
qa_main_sft_loss=0.00
qa_main_sft_tokens=657.22
qa_relevance_sft_loss=0.00
qa_relevance_sft_tokens=90.95
lr=5.000e-05
[2026-09-05 10:49:03,964] [INFO] [AiScheduler#1] [executor.py:361] execute_once running, len(finish_tasks): [0]
[training info] mode=sft epoch=30 step=2000/3206 metrics=cnt=1000
total_loss=0.00
qa_cot_loss=0.00
qa_sft_tokens=762.20
qa_main_sft_loss=0.01
qa_main_sft_tokens=671.57
qa_relevance_sft_loss=0.00
qa_relevance_sft_tokens=90.63
lr=5.000e-05
[training info] mode=sft epoch=30 step=3000/3206 metrics=cnt=1000
total_loss=0.00
qa_cot_loss=0.00
qa_sft_tokens=753.07
qa_main_sft_loss=0.01
qa_main_sft_tokens=663.21
qa_relevance_sft_loss=0.00
qa_relevance_sft_tokens=89.86
lr=5.000e-05
[training info] mode=sft epoch=30 step=3205/3206 metrics=cnt=1205
total_loss=0.00
qa_cot_loss=0.00
qa_sft_tokens=752.10
qa_main_sft_loss=0.01
qa_main_sft_tokens=661.71
qa_relevance_sft_loss=0.00
qa_relevance_sft_tokens=90.39
lr=5.000e-05
[BARRIER-PROBE][epoch30_sft_train_end] rank=0 wait=0.03s ok
[dev SFT] epoch=30 dev/qa_cot_loss=1.34922 dev/qa_perplexity=3.8544 dev/qa_sft_tokens=2.9848e+06 dev/qa_main_sft_loss=1.49667 dev/qa_main_perplexity=4.4668 dev/qa_main_sft_tokens=2.66882e+06 dev/qa_relevance_sft_loss=0.103818 dev/qa_relevance_perplexity=1.1094 dev/qa_relevance_sft_tokens=315990 dev/qa_main_token_accuracy=0.814382 dev/qa_relevance_token_accuracy=0.982756
[BARRIER-PROBE][epoch30_sft_after_save] rank=0 wait=0.00s ok
[INFO] start pure SFT epoch=31 num_batch=3206
[training info] mode=sft epoch=31 step=0/3206 metrics=cnt=1
total_loss=0.00
qa_cot_loss=0.00
qa_sft_tokens=671.00
qa_main_sft_loss=0.00
qa_main_sft_tokens=594.00
qa_relevance_sft_loss=0.00
qa_relevance_sft_tokens=77.00
lr=5.000e-05
[training info] mode=sft epoch=31 step=10/3206 metrics=cnt=10
total_loss=0.01
qa_cot_loss=0.01
qa_sft_tokens=862.60
qa_main_sft_loss=0.01
qa_main_sft_tokens=776.10
qa_relevance_sft_loss=0.00
qa_relevance_sft_tokens=86.50
lr=5.000e-05
[training info] mode=sft epoch=31 step=50/3206 metrics=cnt=40
total_loss=0.00
qa_cot_loss=0.00
qa_sft_tokens=770.77
qa_main_sft_loss=0.00
qa_main_sft_tokens=682.32
qa_relevance_sft_loss=0.00
qa_relevance_sft_tokens=88.45
lr=5.000e-05
[training info] mode=sft epoch=31 step=100/3206 metrics=cnt=50
total_loss=0.00
qa_cot_loss=0.00
qa_sft_tokens=780.26
qa_main_sft_loss=0.00
qa_main_sft_tokens=694.46
qa_relevance_sft_loss=0.00
qa_relevance_sft_tokens=85.80
lr=5.000e-05
[2026-09-05 11:49:07,063] [INFO] [AiScheduler#1] [executor.py:361] execute_once running, len(finish_tasks): [0]
[training info] mode=sft epoch=31 step=1000/3206 metrics=cnt=900
total_loss=0.00
qa_cot_loss=0.00
qa_sft_tokens=734.41
qa_main_sft_loss=0.00
qa_main_sft_tokens=643.18
qa_relevance_sft_loss=0.00
qa_relevance_sft_tokens=91.23
lr=5.000e-05
[training info] mode=sft epoch=31 step=2000/3206 metrics=cnt=1000
total_loss=0.00
qa_cot_loss=0.00
qa_sft_tokens=768.40
qa_main_sft_loss=0.00
qa_main_sft_tokens=679.51
qa_relevance_sft_loss=0.00
qa_relevance_sft_tokens=88.89
lr=5.000e-05
[training info] mode=sft epoch=31 step=3000/3206 metrics=cnt=1000
total_loss=0.00
qa_cot_loss=0.00
qa_sft_tokens=761.25
qa_main_sft_loss=0.00
qa_main_sft_tokens=672.20
qa_relevance_sft_loss=0.00
qa_relevance_sft_tokens=89.05
lr=5.000e-05
[training info] mode=sft epoch=31 step=3205/3206 metrics=cnt=1205
total_loss=0.00
qa_cot_loss=0.00
qa_sft_tokens=759.78
qa_main_sft_loss=0.00
qa_main_sft_tokens=670.51
qa_relevance_sft_loss=0.00
qa_relevance_sft_tokens=89.26
lr=5.000e-05
[BARRIER-PROBE][epoch31_sft_train_end] rank=0 wait=0.01s ok
[2026-09-05 12:49:10,266] [INFO] [AiScheduler#1] [executor.py:361] execute_once running, len(finish_tasks): [0]
[dev SFT] epoch=31 dev/qa_cot_loss=1.33515 dev/qa_perplexity=3.80057 dev/qa_sft_tokens=2.9848e+06 dev/qa_main_sft_loss=1.48197 dev/qa_main_perplexity=4.40161 dev/qa_main_sft_tokens=2.66882e+06 dev/qa_relevance_sft_loss=0.0951418 dev/qa_relevance_perplexity=1.09981 dev/qa_relevance_sft_tokens=315990 dev/qa_main_token_accuracy=0.814642 dev/qa_relevance_token_accuracy=0.983329
[BARRIER-PROBE][epoch31_sft_after_save] rank=0 wait=0.00s ok
[INFO] start pure SFT epoch=32 num_batch=3206
[training info] mode=sft epoch=32 step=0/3206 metrics=cnt=1
total_loss=0.00
qa_cot_loss=0.00
qa_sft_tokens=708.00
qa_main_sft_loss=0.00
qa_main_sft_tokens=570.00
qa_relevance_sft_loss=0.00
qa_relevance_sft_tokens=138.00
lr=5.000e-05
[training info] mode=sft epoch=32 step=10/3206 metrics=cnt=10
total_loss=0.00
qa_cot_loss=0.00
qa_sft_tokens=571.90
qa_main_sft_loss=0.00
qa_main_sft_tokens=473.90
qa_relevance_sft_loss=0.00
qa_relevance_sft_tokens=98.00
lr=5.000e-05
[training info] mode=sft epoch=32 step=50/3206 metrics=cnt=40
total_loss=0.00
qa_cot_loss=0.00
qa_sft_tokens=764.22
qa_main_sft_loss=0.01
qa_main_sft_tokens=676.10
qa_relevance_sft_loss=0.00
qa_relevance_sft_tokens=88.12
lr=5.000e-05
[training info] mode=sft epoch=32 step=100/3206 metrics=cnt=50
total_loss=0.00
qa_cot_loss=0.00
qa_sft_tokens=710.76
qa_main_sft_loss=0.00
qa_main_sft_tokens=617.74
qa_relevance_sft_loss=0.00
qa_relevance_sft_tokens=93.02
lr=5.000e-05
[training info] mode=sft epoch=32 step=1000/3206 metrics=cnt=900
total_loss=0.00
qa_cot_loss=0.00
qa_sft_tokens=757.58
qa_main_sft_loss=0.00
qa_main_sft_tokens=667.66
qa_relevance_sft_loss=0.00
qa_relevance_sft_tokens=89.92
lr=5.000e-05
[training info] mode=sft epoch=32 step=2000/3206 metrics=cnt=1000
total_loss=0.00
qa_cot_loss=0.00
qa_sft_tokens=759.19
qa_main_sft_loss=0.01
qa_main_sft_tokens=669.36
qa_relevance_sft_loss=0.00
qa_relevance_sft_tokens=89.83
lr=5.000e-05
[2026-09-05 13:49:13,348] [INFO] [AiScheduler#1] [executor.py:361] execute_once running, len(finish_tasks): [0]
[training info] mode=sft epoch=32 step=3000/3206 metrics=cnt=1000
total_loss=0.00
qa_cot_loss=0.00
qa_sft_tokens=746.53
qa_main_sft_loss=0.00
qa_main_sft_tokens=656.91
qa_relevance_sft_loss=0.00
qa_relevance_sft_tokens=89.63
lr=5.000e-05
[training info] mode=sft epoch=32 step=3205/3206 metrics=cnt=1205
total_loss=0.00
qa_cot_loss=0.00
qa_sft_tokens=752.90
qa_main_sft_loss=0.00
qa_main_sft_tokens=663.79
qa_relevance_sft_loss=0.00
qa_relevance_sft_tokens=89.11
lr=5.000e-05
[BARRIER-PROBE][epoch32_sft_train_end] rank=0 wait=0.02s ok
[dev SFT] epoch=32 dev/qa_cot_loss=1.38419 dev/qa_perplexity=3.9916 dev/qa_sft_tokens=2.9848e+06 dev/qa_main_sft_loss=1.53589 dev/qa_main_perplexity=4.64548 dev/qa_main_sft_tokens=2.66882e+06 dev/qa_relevance_sft_loss=0.102923 dev/qa_relevance_perplexity=1.10841 dev/qa_relevance_sft_tokens=315990 dev/qa_main_token_accuracy=0.812512 dev/qa_relevance_token_accuracy=0.983006
[BARRIER-PROBE][epoch32_sft_after_save] rank=0 wait=0.00s ok
[INFO] start pure SFT epoch=33 num_batch=3206
[training info] mode=sft epoch=33 step=0/3206 metrics=cnt=1
total_loss=0.01
qa_cot_loss=0.01
qa_sft_tokens=1037.00
qa_main_sft_loss=0.01
qa_main_sft_tokens=960.00
qa_relevance_sft_loss=0.00
qa_relevance_sft_tokens=77.00
lr=5.000e-05
[training info] mode=sft epoch=33 step=10/3206 metrics=cnt=10
total_loss=0.01
qa_cot_loss=0.01
qa_sft_tokens=664.40
qa_main_sft_loss=0.01
qa_main_sft_tokens=569.50
qa_relevance_sft_loss=0.00
qa_relevance_sft_tokens=94.90
lr=5.000e-05
[training info] mode=sft epoch=33 step=50/3206 metrics=cnt=40
total_loss=0.00
qa_cot_loss=0.00
qa_sft_tokens=676.47
qa_main_sft_loss=0.00
qa_main_sft_tokens=580.00
qa_relevance_sft_loss=0.00
qa_relevance_sft_tokens=96.47
lr=5.000e-05
[training info] mode=sft epoch=33 step=100/3206 metrics=cnt=50
total_loss=0.00
qa_cot_loss=0.00
qa_sft_tokens=728.58
qa_main_sft_loss=0.00
qa_main_sft_tokens=634.78
qa_relevance_sft_loss=0.00
qa_relevance_sft_tokens=93.80
lr=5.000e-05
[training info] mode=sft epoch=33 step=1000/3206 metrics=cnt=900
total_loss=0.00
qa_cot_loss=0.00
qa_sft_tokens=770.49
qa_main_sft_loss=0.00
qa_main_sft_tokens=680.94
qa_relevance_sft_loss=0.00
qa_relevance_sft_tokens=89.56
lr=5.000e-05
[2026-09-05 14:49:16,568] [INFO] [AiScheduler#1] [executor.py:361] execute_once running, len(finish_tasks): [0]
[training info] mode=sft epoch=33 step=2000/3206 metrics=cnt=1000
total_loss=0.00
qa_cot_loss=0.00
qa_sft_tokens=746.86
qa_main_sft_loss=0.00
qa_main_sft_tokens=656.00
qa_relevance_sft_loss=0.00
qa_relevance_sft_tokens=90.86
lr=5.000e-05
[training info] mode=sft epoch=33 step=3000/3206 metrics=cnt=1000
total_loss=0.00
qa_cot_loss=0.00
qa_sft_tokens=768.16
qa_main_sft_loss=0.00
qa_main_sft_tokens=677.81
qa_relevance_sft_loss=0.00
qa_relevance_sft_tokens=90.35
lr=5.000e-05
[training info] mode=sft epoch=33 step=3205/3206 metrics=cnt=1205
total_loss=0.00
qa_cot_loss=0.00
qa_sft_tokens=764.97
qa_main_sft_loss=0.00
qa_main_sft_tokens=674.36
qa_relevance_sft_loss=0.00
qa_relevance_sft_tokens=90.62
lr=5.000e-05
[BARRIER-PROBE][epoch33_sft_train_end] rank=0 wait=0.01s ok
[dev SFT] epoch=33 dev/qa_cot_loss=1.41426 dev/qa_perplexity=4.11346 dev/qa_sft_tokens=2.9848e+06 dev/qa_main_sft_loss=1.5692 dev/qa_main_perplexity=4.80282 dev/qa_main_sft_tokens=2.66882e+06 dev/qa_relevance_sft_loss=0.105653 dev/qa_relevance_perplexity=1.11144 dev/qa_relevance_sft_tokens=315990 dev/qa_main_token_accuracy=0.811669 dev/qa_relevance_token_accuracy=0.983572
[BARRIER-PROBE][epoch33_sft_after_save] rank=0 wait=0.00s ok
[INFO] start pure SFT epoch=34 num_batch=3206
[training info] mode=sft epoch=34 step=0/3206 metrics=cnt=1
total_loss=0.00
qa_cot_loss=0.00
qa_sft_tokens=1040.00
qa_main_sft_loss=0.00
qa_main_sft_tokens=944.00
qa_relevance_sft_loss=0.00
qa_relevance_sft_tokens=96.00
lr=5.000e-05
[training info] mode=sft epoch=34 step=10/3206 metrics=cnt=10
total_loss=0.00
qa_cot_loss=0.00
qa_sft_tokens=931.30
qa_main_sft_loss=0.00
qa_main_sft_tokens=851.10
qa_relevance_sft_loss=0.00
qa_relevance_sft_tokens=80.20
lr=5.000e-05
[training info] mode=sft epoch=34 step=50/3206 metrics=cnt=40
total_loss=0.00
qa_cot_loss=0.00
qa_sft_tokens=783.27
qa_main_sft_loss=0.00
qa_main_sft_tokens=696.75
qa_relevance_sft_loss=0.00
qa_relevance_sft_tokens=86.52
lr=5.000e-05
[training info] mode=sft epoch=34 step=100/3206 metrics=cnt=50
total_loss=0.00
qa_cot_loss=0.00
qa_sft_tokens=789.18
qa_main_sft_loss=0.00
qa_main_sft_tokens=696.60
qa_relevance_sft_loss=0.00
qa_relevance_sft_tokens=92.58
lr=5.000e-05
[2026-09-05 15:49:19,829] [INFO] [AiScheduler#1] [executor.py:361] execute_once running, len(finish_tasks): [0]
[training info] mode=sft epoch=34 step=1000/3206 metrics=cnt=900
total_loss=0.00
qa_cot_loss=0.00
qa_sft_tokens=757.75
qa_main_sft_loss=0.00
qa_main_sft_tokens=667.32
qa_relevance_sft_loss=0.00
qa_relevance_sft_tokens=90.43
lr=5.000e-05
[training info] mode=sft epoch=34 step=2000/3206 metrics=cnt=1000
total_loss=0.00
qa_cot_loss=0.00
qa_sft_tokens=749.03
qa_main_sft_loss=0.00
qa_main_sft_tokens=658.09
qa_relevance_sft_loss=0.00
qa_relevance_sft_tokens=90.95
lr=5.000e-05
[2026-09-05 16:49:23,009] [INFO] [AiScheduler#1] [executor.py:361] execute_once running, len(finish_tasks): [0]
[training info] mode=sft epoch=34 step=3000/3206 metrics=cnt=1000
total_loss=0.00
qa_cot_loss=0.00
qa_sft_tokens=742.57
qa_main_sft_loss=0.00
qa_main_sft_tokens=651.82
qa_relevance_sft_loss=0.00
qa_relevance_sft_tokens=90.75
lr=5.000e-05
[training info] mode=sft epoch=34 step=3205/3206 metrics=cnt=1205
total_loss=0.00
qa_cot_loss=0.00
qa_sft_tokens=747.75
qa_main_sft_loss=0.00
qa_main_sft_tokens=657.28
qa_relevance_sft_loss=0.00
qa_relevance_sft_tokens=90.47
lr=5.000e-05
[BARRIER-PROBE][epoch34_sft_train_end] rank=0 wait=0.00s ok
[dev SFT] epoch=34 dev/qa_cot_loss=1.38411 dev/qa_perplexity=3.99127 dev/qa_sft_tokens=2.9848e+06 dev/qa_main_sft_loss=1.53538 dev/qa_main_perplexity=4.6431 dev/qa_main_sft_tokens=2.66882e+06 dev/qa_relevance_sft_loss=0.106463 dev/qa_relevance_perplexity=1.11234 dev/qa_relevance_sft_tokens=315990 dev/qa_main_token_accuracy=0.808831 dev/qa_relevance_token_accuracy=0.984177
[BARRIER-PROBE][epoch34_sft_after_save] rank=0 wait=0.00s ok
[INFO] start pure SFT epoch=35 num_batch=3206
[training info] mode=sft epoch=35 step=0/3206 metrics=cnt=1
total_loss=0.05
qa_cot_loss=0.05
qa_sft_tokens=959.00
qa_main_sft_loss=0.05
qa_main_sft_tokens=901.00
qa_relevance_sft_loss=0.00
qa_relevance_sft_tokens=58.00
lr=5.000e-05
[training info] mode=sft epoch=35 step=10/3206 metrics=cnt=10
total_loss=0.00
qa_cot_loss=0.00
qa_sft_tokens=608.80
qa_main_sft_loss=0.00
qa_main_sft_tokens=507.00
qa_relevance_sft_loss=0.00
qa_relevance_sft_tokens=101.80
lr=5.000e-05
[training info] mode=sft epoch=35 step=50/3206 metrics=cnt=40
total_loss=0.00
qa_cot_loss=0.00
qa_sft_tokens=771.97
qa_main_sft_loss=0.01
qa_main_sft_tokens=678.62
qa_relevance_sft_loss=0.00
qa_relevance_sft_tokens=93.35
lr=5.000e-05
[training info] mode=sft epoch=35 step=100/3206 metrics=cnt=50
total_loss=0.01
qa_cot_loss=0.01
qa_sft_tokens=845.54
qa_main_sft_loss=0.01
qa_main_sft_tokens=761.86
qa_relevance_sft_loss=0.00
qa_relevance_sft_tokens=83.68
lr=5.000e-05
[training info] mode=sft epoch=35 step=1000/3206 metrics=cnt=900
total_loss=0.00
qa_cot_loss=0.00
qa_sft_tokens=790.46
qa_main_sft_loss=0.00
qa_main_sft_tokens=702.26
qa_relevance_sft_loss=0.00
qa_relevance_sft_tokens=88.20
lr=5.000e-05
[training info] mode=sft epoch=35 step=2000/3206 metrics=cnt=1000
total_loss=0.00
qa_cot_loss=0.00
qa_sft_tokens=761.15
qa_main_sft_loss=0.00
qa_main_sft_tokens=671.50
qa_relevance_sft_loss=0.00
qa_relevance_sft_tokens=89.66
lr=5.000e-05
[2026-09-05 17:49:26,079] [INFO] [AiScheduler#1] [executor.py:361] execute_once running, len(finish_tasks): [0]
[training info] mode=sft epoch=35 step=3000/3206 metrics=cnt=1000
total_loss=0.00
qa_cot_loss=0.00
qa_sft_tokens=744.62
qa_main_sft_loss=0.00
qa_main_sft_tokens=653.07
qa_relevance_sft_loss=0.00
qa_relevance_sft_tokens=91.55
lr=5.000e-05
[training info] mode=sft epoch=35 step=3205/3206 metrics=cnt=1205
total_loss=0.00
qa_cot_loss=0.00
qa_sft_tokens=742.81
qa_main_sft_loss=0.00
qa_main_sft_tokens=651.24
qa_relevance_sft_loss=0.00
qa_relevance_sft_tokens=91.57
lr=5.000e-05
[BARRIER-PROBE][epoch35_sft_train_end] rank=0 wait=0.00s ok
[dev SFT] epoch=35 dev/qa_cot_loss=1.43688 dev/qa_perplexity=4.20753 dev/qa_sft_tokens=2.9848e+06 dev/qa_main_sft_loss=1.59462 dev/qa_main_perplexity=4.92648 dev/qa_main_sft_tokens=2.66882e+06 dev/qa_relevance_sft_loss=0.104555 dev/qa_relevance_perplexity=1.11022 dev/qa_relevance_sft_tokens=315990 dev/qa_main_token_accuracy=0.810157 dev/qa_relevance_token_accuracy=0.982715
[BARRIER-PROBE][epoch35_sft_after_save] rank=0 wait=0.00s ok
[INFO] start pure SFT epoch=36 num_batch=3206
[training info] mode=sft epoch=36 step=0/3206 metrics=cnt=1
total_loss=0.00
qa_cot_loss=0.00
qa_sft_tokens=1410.00
qa_main_sft_loss=0.00
qa_main_sft_tokens=1379.00
qa_relevance_sft_loss=0.00
qa_relevance_sft_tokens=31.00
lr=5.000e-05
[training info] mode=sft epoch=36 step=10/3206 metrics=cnt=10
total_loss=0.01
qa_cot_loss=0.01
qa_sft_tokens=807.00
qa_main_sft_loss=0.01
qa_main_sft_tokens=725.10
qa_relevance_sft_loss=0.00
qa_relevance_sft_tokens=81.90
lr=5.000e-05
[training info] mode=sft epoch=36 step=50/3206 metrics=cnt=40
total_loss=0.00
qa_cot_loss=0.00
qa_sft_tokens=740.30
qa_main_sft_loss=0.00
qa_main_sft_tokens=651.45
qa_relevance_sft_loss=0.00
qa_relevance_sft_tokens=88.85
lr=5.000e-05
[training info] mode=sft epoch=36 step=100/3206 metrics=cnt=50
total_loss=0.00
qa_cot_loss=0.00
qa_sft_tokens=773.76
qa_main_sft_loss=0.00
qa_main_sft_tokens=682.04
qa_relevance_sft_loss=0.00
qa_relevance_sft_tokens=91.72
lr=5.000e-05
[training info] mode=sft epoch=36 step=1000/3206 metrics=cnt=900
total_loss=0.00
qa_cot_loss=0.00
qa_sft_tokens=755.15
qa_main_sft_loss=0.00
qa_main_sft_tokens=664.78
qa_relevance_sft_loss=0.00
qa_relevance_sft_tokens=90.37
lr=5.000e-05
[2026-09-05 18:49:29,220] [INFO] [AiScheduler#1] [executor.py:361] execute_once running, len(finish_tasks): [0]
[training info] mode=sft epoch=36 step=2000/3206 metrics=cnt=1000
total_loss=0.00
qa_cot_loss=0.00
qa_sft_tokens=777.20
qa_main_sft_loss=0.00
qa_main_sft_tokens=688.21
qa_relevance_sft_loss=0.00
qa_relevance_sft_tokens=88.99
lr=5.000e-05
[training info] mode=sft epoch=36 step=3000/3206 metrics=cnt=1000
total_loss=0.00
qa_cot_loss=0.00
qa_sft_tokens=766.85
qa_main_sft_loss=0.00
qa_main_sft_tokens=677.18
qa_relevance_sft_loss=0.00
qa_relevance_sft_tokens=89.68
lr=5.000e-05
[training info] mode=sft epoch=36 step=3205/3206 metrics=cnt=1205
total_loss=0.00
qa_cot_loss=0.00
qa_sft_tokens=756.58
qa_main_sft_loss=0.00
qa_main_sft_tokens=666.52
qa_relevance_sft_loss=0.00
qa_relevance_sft_tokens=90.06
lr=5.000e-05
[BARRIER-PROBE][epoch36_sft_train_end] rank=0 wait=0.01s ok
[dev SFT] epoch=36 dev/qa_cot_loss=1.37717 dev/qa_perplexity=3.96369 dev/qa_sft_tokens=2.9848e+06 dev/qa_main_sft_loss=1.52846 dev/qa_main_perplexity=4.61106 dev/qa_main_sft_tokens=2.66882e+06 dev/qa_relevance_sft_loss=0.099461 dev/qa_relevance_perplexity=1.10458 dev/qa_relevance_sft_tokens=315990 dev/qa_main_token_accuracy=0.812157 dev/qa_relevance_token_accuracy=0.983357
[BARRIER-PROBE][epoch36_sft_after_save] rank=0 wait=0.00s ok
[INFO] start pure SFT epoch=37 num_batch=3206
[training info] mode=sft epoch=37 step=0/3206 metrics=cnt=1
total_loss=0.01
qa_cot_loss=0.01
qa_sft_tokens=1183.00
qa_main_sft_loss=0.01
qa_main_sft_tokens=1148.00
qa_relevance_sft_loss=0.00
qa_relevance_sft_tokens=35.00
lr=5.000e-05
[training info] mode=sft epoch=37 step=10/3206 metrics=cnt=10
total_loss=0.00
qa_cot_loss=0.00
qa_sft_tokens=807.90
qa_main_sft_loss=0.00
qa_main_sft_tokens=726.90
qa_relevance_sft_loss=0.00
qa_relevance_sft_tokens=81.00
lr=5.000e-05
[training info] mode=sft epoch=37 step=50/3206 metrics=cnt=40
total_loss=0.00
qa_cot_loss=0.00
qa_sft_tokens=746.92
qa_main_sft_loss=0.00
qa_main_sft_tokens=660.90
qa_relevance_sft_loss=0.00
qa_relevance_sft_tokens=86.02
lr=5.000e-05
[training info] mode=sft epoch=37 step=100/3206 metrics=cnt=50
total_loss=0.00
qa_cot_loss=0.00
qa_sft_tokens=802.58
qa_main_sft_loss=0.01
qa_main_sft_tokens=708.74
qa_relevance_sft_loss=0.00
qa_relevance_sft_tokens=93.84
lr=5.000e-05
[2026-09-05 19:49:32,301] [INFO] [AiScheduler#1] [executor.py:361] execute_once running, len(finish_tasks): [0]
[training info] mode=sft epoch=37 step=1000/3206 metrics=cnt=900
total_loss=0.00
qa_cot_loss=0.00
qa_sft_tokens=750.54
qa_main_sft_loss=0.00
qa_main_sft_tokens=660.70
qa_relevance_sft_loss=0.00
qa_relevance_sft_tokens=89.84
lr=5.000e-05
[training info] mode=sft epoch=37 step=2000/3206 metrics=cnt=1000
total_loss=0.00
qa_cot_loss=0.00
qa_sft_tokens=762.37
qa_main_sft_loss=0.01
qa_main_sft_tokens=672.99
qa_relevance_sft_loss=0.00
qa_relevance_sft_tokens=89.39
lr=5.000e-05
[2026-09-05 20:49:35,513] [INFO] [AiScheduler#1] [executor.py:361] execute_once running, len(finish_tasks): [0]
[training info] mode=sft epoch=37 step=3000/3206 metrics=cnt=1000
total_loss=0.00
qa_cot_loss=0.00
qa_sft_tokens=758.79
qa_main_sft_loss=0.00
qa_main_sft_tokens=669.23
qa_relevance_sft_loss=0.00
qa_relevance_sft_tokens=89.56
lr=5.000e-05
[training info] mode=sft epoch=37 step=3205/3206 metrics=cnt=1205
total_loss=0.00
qa_cot_loss=0.00
qa_sft_tokens=766.44
qa_main_sft_loss=0.00
qa_main_sft_tokens=677.04
qa_relevance_sft_loss=0.00
qa_relevance_sft_tokens=89.40
lr=5.000e-05
[BARRIER-PROBE][epoch37_sft_train_end] rank=0 wait=0.00s ok
[dev SFT] epoch=37 dev/qa_cot_loss=1.50534 dev/qa_perplexity=4.50567 dev/qa_sft_tokens=2.9848e+06 dev/qa_main_sft_loss=1.67077 dev/qa_main_perplexity=5.31625 dev/qa_main_sft_tokens=2.66882e+06 dev/qa_relevance_sft_loss=0.108116 dev/qa_relevance_perplexity=1.11418 dev/qa_relevance_sft_tokens=315990 dev/qa_main_token_accuracy=0.810696 dev/qa_relevance_token_accuracy=0.982797
[BARRIER-PROBE][epoch37_sft_after_save] rank=0 wait=0.00s ok
[INFO] start pure SFT epoch=38 num_batch=3206
[training info] mode=sft epoch=38 step=0/3206 metrics=cnt=1
total_loss=0.00
qa_cot_loss=0.00
qa_sft_tokens=789.00
qa_main_sft_loss=0.00
qa_main_sft_tokens=735.00
qa_relevance_sft_loss=0.00
qa_relevance_sft_tokens=54.00
lr=5.000e-05
[training info] mode=sft epoch=38 step=10/3206 metrics=cnt=10
total_loss=0.00
qa_cot_loss=0.00
qa_sft_tokens=600.70
qa_main_sft_loss=0.00
qa_main_sft_tokens=483.90
qa_relevance_sft_loss=0.00
qa_relevance_sft_tokens=116.80
lr=5.000e-05
[training info] mode=sft epoch=38 step=50/3206 metrics=cnt=40
total_loss=0.00
qa_cot_loss=0.00
qa_sft_tokens=770.45
qa_main_sft_loss=0.00
qa_main_sft_tokens=680.45
qa_relevance_sft_loss=0.00
qa_relevance_sft_tokens=90.00
lr=5.000e-05
[training info] mode=sft epoch=38 step=100/3206 metrics=cnt=50
total_loss=0.00
qa_cot_loss=0.00
qa_sft_tokens=796.48
qa_main_sft_loss=0.00
qa_main_sft_tokens=707.90
qa_relevance_sft_loss=0.00
qa_relevance_sft_tokens=88.58
lr=5.000e-05
[training info] mode=sft epoch=38 step=1000/3206 metrics=cnt=900
total_loss=0.00
qa_cot_loss=0.00
qa_sft_tokens=776.85
qa_main_sft_loss=0.00
qa_main_sft_tokens=686.43
qa_relevance_sft_loss=0.00
qa_relevance_sft_tokens=90.43
lr=5.000e-05
[2026-09-05 21:49:38,713] [INFO] [AiScheduler#1] [executor.py:361] execute_once running, len(finish_tasks): [0]
[training info] mode=sft epoch=38 step=2000/3206 metrics=cnt=1000
total_loss=0.00
qa_cot_loss=0.00
qa_sft_tokens=737.82
qa_main_sft_loss=0.00
qa_main_sft_tokens=646.64
qa_relevance_sft_loss=0.00
qa_relevance_sft_tokens=91.18
lr=5.000e-05
[training info] mode=sft epoch=38 step=3000/3206 metrics=cnt=1000
total_loss=0.00
qa_cot_loss=0.00
qa_sft_tokens=751.65
qa_main_sft_loss=0.00
qa_main_sft_tokens=662.42
qa_relevance_sft_loss=0.00
qa_relevance_sft_tokens=89.24
lr=5.000e-05
[training info] mode=sft epoch=38 step=3205/3206 metrics=cnt=1205
total_loss=0.00
qa_cot_loss=0.00
qa_sft_tokens=759.78
qa_main_sft_loss=0.00
qa_main_sft_tokens=670.63
qa_relevance_sft_loss=0.00
qa_relevance_sft_tokens=89.14
lr=5.000e-05
[BARRIER-PROBE][epoch38_sft_train_end] rank=0 wait=0.00s ok
[dev SFT] epoch=38 dev/qa_cot_loss=1.4388 dev/qa_perplexity=4.21565 dev/qa_sft_tokens=2.9848e+06 dev/qa_main_sft_loss=1.59412 dev/qa_main_perplexity=4.924 dev/qa_main_sft_tokens=2.66882e+06 dev/qa_relevance_sft_loss=0.127009 dev/qa_relevance_perplexity=1.13543 dev/qa_relevance_sft_tokens=315990 dev/qa_main_token_accuracy=0.809979 dev/qa_relevance_token_accuracy=0.983417
[BARRIER-PROBE][epoch38_sft_after_save] rank=0 wait=0.00s ok
[INFO] start pure SFT epoch=39 num_batch=3206
[training info] mode=sft epoch=39 step=0/3206 metrics=cnt=1
total_loss=0.00
qa_cot_loss=0.00
qa_sft_tokens=341.00
qa_main_sft_loss=0.00
qa_main_sft_tokens=240.00
qa_relevance_sft_loss=0.00
qa_relevance_sft_tokens=101.00
lr=5.000e-05
[training info] mode=sft epoch=39 step=10/3206 metrics=cnt=10
total_loss=0.00
qa_cot_loss=0.00
qa_sft_tokens=830.20
qa_main_sft_loss=0.00
qa_main_sft_tokens=744.60
qa_relevance_sft_loss=0.00
qa_relevance_sft_tokens=85.60
lr=5.000e-05
[training info] mode=sft epoch=39 step=50/3206 metrics=cnt=40
total_loss=0.00
qa_cot_loss=0.00
qa_sft_tokens=703.35
qa_main_sft_loss=0.01
qa_main_sft_tokens=608.42
qa_relevance_sft_loss=0.00
qa_relevance_sft_tokens=94.92
lr=5.000e-05
[training info] mode=sft epoch=39 step=100/3206 metrics=cnt=50
total_loss=0.00
qa_cot_loss=0.00
qa_sft_tokens=791.90
qa_main_sft_loss=0.00
qa_main_sft_tokens=711.82
qa_relevance_sft_loss=0.00
qa_relevance_sft_tokens=80.08
lr=5.000e-05
[2026-09-05 22:49:41,871] [INFO] [AiScheduler#1] [executor.py:361] execute_once running, len(finish_tasks): [0]
[training info] mode=sft epoch=39 step=1000/3206 metrics=cnt=900
total_loss=0.00
qa_cot_loss=0.00
qa_sft_tokens=759.75
qa_main_sft_loss=0.00
qa_main_sft_tokens=669.44
qa_relevance_sft_loss=0.00
qa_relevance_sft_tokens=90.32
lr=5.000e-05
[training info] mode=sft epoch=39 step=2000/3206 metrics=cnt=1000
total_loss=0.00
qa_cot_loss=0.00
qa_sft_tokens=753.06
qa_main_sft_loss=0.00
qa_main_sft_tokens=663.02
qa_relevance_sft_loss=0.00
qa_relevance_sft_tokens=90.04
lr=5.000e-05
[training info] mode=sft epoch=39 step=3000/3206 metrics=cnt=1000
total_loss=0.00
qa_cot_loss=0.00
qa_sft_tokens=753.88
qa_main_sft_loss=0.00
qa_main_sft_tokens=662.92
qa_relevance_sft_loss=0.00
qa_relevance_sft_tokens=90.96
lr=5.000e-05
[training info] mode=sft epoch=39 step=3205/3206 metrics=cnt=1205
total_loss=0.00
qa_cot_loss=0.00
qa_sft_tokens=752.94
qa_main_sft_loss=0.00
qa_main_sft_tokens=662.19
qa_relevance_sft_loss=0.00
qa_relevance_sft_tokens=90.75
lr=5.000e-05
[BARRIER-PROBE][epoch39_sft_train_end] rank=0 wait=0.00s ok
[2026-09-05 23:49:45,080] [INFO] [AiScheduler#1] [executor.py:361] execute_once running, len(finish_tasks): [0]
[dev SFT] epoch=39 dev/qa_cot_loss=1.43931 dev/qa_perplexity=4.2178 dev/qa_sft_tokens=2.9848e+06 dev/qa_main_sft_loss=1.59886 dev/qa_main_perplexity=4.94738 dev/qa_main_sft_tokens=2.66882e+06 dev/qa_relevance_sft_loss=0.0918141 dev/qa_relevance_perplexity=1.09616 dev/qa_relevance_sft_tokens=315990 dev/qa_main_token_accuracy=0.811135 dev/qa_relevance_token_accuracy=0.984468
[BARRIER-PROBE][epoch39_sft_after_save] rank=0 wait=0.00s ok
[INFO] start pure SFT epoch=40 num_batch=3206
[training info] mode=sft epoch=40 step=0/3206 metrics=cnt=1
total_loss=0.00
qa_cot_loss=0.00
qa_sft_tokens=839.00
qa_main_sft_loss=0.00
qa_main_sft_tokens=782.00
qa_relevance_sft_loss=0.00
qa_relevance_sft_tokens=57.00
lr=5.000e-05
[training info] mode=sft epoch=40 step=10/3206 metrics=cnt=10
total_loss=0.01
qa_cot_loss=0.01
qa_sft_tokens=788.90
qa_main_sft_loss=0.01
qa_main_sft_tokens=705.40
qa_relevance_sft_loss=0.00
qa_relevance_sft_tokens=83.50
lr=5.000e-05
[training info] mode=sft epoch=40 step=50/3206 metrics=cnt=40
total_loss=0.00
qa_cot_loss=0.00
qa_sft_tokens=815.30
qa_main_sft_loss=0.00
qa_main_sft_tokens=728.97
qa_relevance_sft_loss=0.00
qa_relevance_sft_tokens=86.32
lr=5.000e-05
[training info] mode=sft epoch=40 step=100/3206 metrics=cnt=50
total_loss=0.00
qa_cot_loss=0.00
qa_sft_tokens=740.34
qa_main_sft_loss=0.00
qa_main_sft_tokens=650.02
qa_relevance_sft_loss=0.00
qa_relevance_sft_tokens=90.32
lr=5.000e-05
[training info] mode=sft epoch=40 step=1000/3206 metrics=cnt=900
total_loss=0.00
qa_cot_loss=0.00
qa_sft_tokens=761.37
qa_main_sft_loss=0.00
qa_main_sft_tokens=670.76
qa_relevance_sft_loss=0.00
qa_relevance_sft_tokens=90.60
lr=5.000e-05
[training info] mode=sft epoch=40 step=2000/3206 metrics=cnt=1000
total_loss=0.00
qa_cot_loss=0.00
qa_sft_tokens=763.87
qa_main_sft_loss=0.00
qa_main_sft_tokens=675.52
qa_relevance_sft_loss=0.00
qa_relevance_sft_tokens=88.36
lr=5.000e-05
[2026-09-06 00:49:48,221] [INFO] [AiScheduler#1] [executor.py:361] execute_once running, len(finish_tasks): [0]
[training info] mode=sft epoch=40 step=3000/3206 metrics=cnt=1000
total_loss=0.00
qa_cot_loss=0.00
qa_sft_tokens=744.01
qa_main_sft_loss=0.00
qa_main_sft_tokens=653.86
qa_relevance_sft_loss=0.00
qa_relevance_sft_tokens=90.15
lr=5.000e-05
[training info] mode=sft epoch=40 step=3205/3206 metrics=cnt=1205
total_loss=0.00
qa_cot_loss=0.00
qa_sft_tokens=743.47
qa_main_sft_loss=0.00
qa_main_sft_tokens=653.02
qa_relevance_sft_loss=0.00
qa_relevance_sft_tokens=90.45
lr=5.000e-05
[BARRIER-PROBE][epoch40_sft_train_end] rank=0 wait=0.01s ok
[dev SFT] epoch=40 dev/qa_cot_loss=1.41702 dev/qa_perplexity=4.1248 dev/qa_sft_tokens=2.9848e+06 dev/qa_main_sft_loss=1.57202 dev/qa_main_perplexity=4.81638 dev/qa_main_sft_tokens=2.66882e+06 dev/qa_relevance_sft_loss=0.107863 dev/qa_relevance_perplexity=1.11389 dev/qa_relevance_sft_tokens=315990 dev/qa_main_token_accuracy=0.80933 dev/qa_relevance_token_accuracy=0.983667
[BARRIER-PROBE][epoch40_sft_after_save] rank=0 wait=0.00s ok
[INFO] start pure SFT epoch=41 num_batch=3206
[training info] mode=sft epoch=41 step=0/3206 metrics=cnt=1
total_loss=0.00
qa_cot_loss=0.00
qa_sft_tokens=1052.00
qa_main_sft_loss=0.00
qa_main_sft_tokens=979.00
qa_relevance_sft_loss=0.00
qa_relevance_sft_tokens=73.00
lr=5.000e-05
[training info] mode=sft epoch=41 step=10/3206 metrics=cnt=10
total_loss=0.00
qa_cot_loss=0.00
qa_sft_tokens=441.80
qa_main_sft_loss=0.00
qa_main_sft_tokens=344.00
qa_relevance_sft_loss=0.00
qa_relevance_sft_tokens=97.80
lr=5.000e-05
[training info] mode=sft epoch=41 step=50/3206 metrics=cnt=40
total_loss=0.00
qa_cot_loss=0.00
qa_sft_tokens=814.10
qa_main_sft_loss=0.00
qa_main_sft_tokens=727.20
qa_relevance_sft_loss=0.01
qa_relevance_sft_tokens=86.90
lr=5.000e-05
[training info] mode=sft epoch=41 step=100/3206 metrics=cnt=50
total_loss=0.00
qa_cot_loss=0.00
qa_sft_tokens=753.60
qa_main_sft_loss=0.00
qa_main_sft_tokens=660.80
qa_relevance_sft_loss=0.00
qa_relevance_sft_tokens=92.80
lr=5.000e-05
[training info] mode=sft epoch=41 step=1000/3206 metrics=cnt=900
total_loss=0.00
qa_cot_loss=0.00
qa_sft_tokens=770.61
qa_main_sft_loss=0.00
qa_main_sft_tokens=680.79
qa_relevance_sft_loss=0.00
qa_relevance_sft_tokens=89.82
lr=5.000e-05
[2026-09-06 01:49:51,397] [INFO] [AiScheduler#1] [executor.py:361] execute_once running, len(finish_tasks): [0]
[training info] mode=sft epoch=41 step=2000/3206 metrics=cnt=1000
total_loss=0.00
qa_cot_loss=0.00
qa_sft_tokens=753.07
qa_main_sft_loss=0.00
qa_main_sft_tokens=664.02
qa_relevance_sft_loss=0.00
qa_relevance_sft_tokens=89.05
lr=5.000e-05
[training info] mode=sft epoch=41 step=3000/3206 metrics=cnt=1000
total_loss=0.00
qa_cot_loss=0.00
qa_sft_tokens=777.79
qa_main_sft_loss=0.00
qa_main_sft_tokens=686.93
qa_relevance_sft_loss=0.00
qa_relevance_sft_tokens=90.86
lr=5.000e-05
[training info] mode=sft epoch=41 step=3205/3206 metrics=cnt=1205
total_loss=0.00
qa_cot_loss=0.00
qa_sft_tokens=773.58
qa_main_sft_loss=0.00
qa_main_sft_tokens=682.72
qa_relevance_sft_loss=0.00
qa_relevance_sft_tokens=90.86
lr=5.000e-05
[BARRIER-PROBE][epoch41_sft_train_end] rank=0 wait=0.04s ok
[dev SFT] epoch=41 dev/qa_cot_loss=1.46819 dev/qa_perplexity=4.34135 dev/qa_sft_tokens=2.9848e+06 dev/qa_main_sft_loss=1.62945 dev/qa_main_perplexity=5.10104 dev/qa_main_sft_tokens=2.66882e+06 dev/qa_relevance_sft_loss=0.106205 dev/qa_relevance_perplexity=1.11205 dev/qa_relevance_sft_tokens=315990 dev/qa_main_token_accuracy=0.809463 dev/qa_relevance_token_accuracy=0.983322
[BARRIER-PROBE][epoch41_sft_after_save] rank=0 wait=0.00s ok
[INFO] start pure SFT epoch=42 num_batch=3206
[training info] mode=sft epoch=42 step=0/3206 metrics=cnt=1
total_loss=0.00
qa_cot_loss=0.00
qa_sft_tokens=652.00
qa_main_sft_loss=0.00
qa_main_sft_tokens=575.00
qa_relevance_sft_loss=0.00
qa_relevance_sft_tokens=77.00
lr=5.000e-05
[training info] mode=sft epoch=42 step=10/3206 metrics=cnt=10
total_loss=0.01
qa_cot_loss=0.01
qa_sft_tokens=840.90
qa_main_sft_loss=0.01
qa_main_sft_tokens=759.70
qa_relevance_sft_loss=0.00
qa_relevance_sft_tokens=81.20
lr=5.000e-05
[training info] mode=sft epoch=42 step=50/3206 metrics=cnt=40
total_loss=0.00
qa_cot_loss=0.00
qa_sft_tokens=761.42
qa_main_sft_loss=0.00
qa_main_sft_tokens=677.02
qa_relevance_sft_loss=0.00
qa_relevance_sft_tokens=84.40
lr=5.000e-05
[training info] mode=sft epoch=42 step=100/3206 metrics=cnt=50
total_loss=0.00
qa_cot_loss=0.00
qa_sft_tokens=739.62
qa_main_sft_loss=0.00
qa_main_sft_tokens=642.62
qa_relevance_sft_loss=0.00
qa_relevance_sft_tokens=97.00
lr=5.000e-05
[2026-09-06 02:49:54,615] [INFO] [AiScheduler#1] [executor.py:361] execute_once running, len(finish_tasks): [0]
[training info] mode=sft epoch=42 step=1000/3206 metrics=cnt=900
total_loss=0.00
qa_cot_loss=0.00
qa_sft_tokens=758.77
qa_main_sft_loss=0.00
qa_main_sft_tokens=668.17
qa_relevance_sft_loss=0.00
qa_relevance_sft_tokens=90.60
lr=5.000e-05
[training info] mode=sft epoch=42 step=2000/3206 metrics=cnt=1000
total_loss=0.00
qa_cot_loss=0.00
qa_sft_tokens=774.53
qa_main_sft_loss=0.00
qa_main_sft_tokens=686.26
qa_relevance_sft_loss=0.00
qa_relevance_sft_tokens=88.27
lr=5.000e-05
[training info] mode=sft epoch=42 step=3000/3206 metrics=cnt=1000
total_loss=0.00
qa_cot_loss=0.00
qa_sft_tokens=756.23
qa_main_sft_loss=0.00
qa_main_sft_tokens=666.57
qa_relevance_sft_loss=0.00
qa_relevance_sft_tokens=89.65
lr=5.000e-05
[2026-09-06 03:49:57,741] [INFO] [AiScheduler#1] [executor.py:361] execute_once running, len(finish_tasks): [0]
[training info] mode=sft epoch=42 step=3205/3206 metrics=cnt=1205
total_loss=0.00
qa_cot_loss=0.00
qa_sft_tokens=755.94
qa_main_sft_loss=0.00
qa_main_sft_tokens=665.69
qa_relevance_sft_loss=0.00
qa_relevance_sft_tokens=90.26
lr=5.000e-05
[BARRIER-PROBE][epoch42_sft_train_end] rank=0 wait=0.02s ok
[dev SFT] epoch=42 dev/qa_cot_loss=1.48289 dev/qa_perplexity=4.40566 dev/qa_sft_tokens=2.9848e+06 dev/qa_main_sft_loss=1.64406 dev/qa_main_perplexity=5.17614 dev/qa_main_sft_tokens=2.66882e+06 dev/qa_relevance_sft_loss=0.121674 dev/qa_relevance_perplexity=1.12939 dev/qa_relevance_sft_tokens=315990 dev/qa_main_token_accuracy=0.809154 dev/qa_relevance_token_accuracy=0.982924
[BARRIER-PROBE][epoch42_sft_after_save] rank=0 wait=0.00s ok
[INFO] start pure SFT epoch=43 num_batch=3206
[training info] mode=sft epoch=43 step=0/3206 metrics=cnt=1
total_loss=0.00
qa_cot_loss=0.00
qa_sft_tokens=335.00
qa_main_sft_loss=0.00
qa_main_sft_tokens=251.00
qa_relevance_sft_loss=0.00
qa_relevance_sft_tokens=84.00
lr=5.000e-05
[training info] mode=sft epoch=43 step=10/3206 metrics=cnt=10
total_loss=0.00
qa_cot_loss=0.00
qa_sft_tokens=787.90
qa_main_sft_loss=0.00
qa_main_sft_tokens=699.20
qa_relevance_sft_loss=0.00
qa_relevance_sft_tokens=88.70
lr=5.000e-05
[training info] mode=sft epoch=43 step=50/3206 metrics=cnt=40
total_loss=0.00
qa_cot_loss=0.00
qa_sft_tokens=796.52
qa_main_sft_loss=0.00
qa_main_sft_tokens=703.25
qa_relevance_sft_loss=0.00
qa_relevance_sft_tokens=93.27
lr=5.000e-05
[training info] mode=sft epoch=43 step=100/3206 metrics=cnt=50
total_loss=0.00
qa_cot_loss=0.00
qa_sft_tokens=827.14
qa_main_sft_loss=0.00
qa_main_sft_tokens=740.44
qa_relevance_sft_loss=0.00
qa_relevance_sft_tokens=86.70
lr=5.000e-05
[training info] mode=sft epoch=43 step=1000/3206 metrics=cnt=900
total_loss=0.00
qa_cot_loss=0.00
qa_sft_tokens=760.53
qa_main_sft_loss=0.00
qa_main_sft_tokens=671.87
qa_relevance_sft_loss=0.00
qa_relevance_sft_tokens=88.66
lr=5.000e-05
[training info] mode=sft epoch=43 step=2000/3206 metrics=cnt=1000
total_loss=0.00
qa_cot_loss=0.00
qa_sft_tokens=749.40
qa_main_sft_loss=0.00
qa_main_sft_tokens=658.83
qa_relevance_sft_loss=0.00
qa_relevance_sft_tokens=90.57
lr=5.000e-05
[2026-09-06 04:50:00,802] [INFO] [AiScheduler#1] [executor.py:361] execute_once running, len(finish_tasks): [0]
[training info] mode=sft epoch=43 step=3000/3206 metrics=cnt=1000
total_loss=0.00
qa_cot_loss=0.00
qa_sft_tokens=755.61
qa_main_sft_loss=0.00
qa_main_sft_tokens=665.16
qa_relevance_sft_loss=0.00
qa_relevance_sft_tokens=90.44
lr=5.000e-05
[training info] mode=sft epoch=43 step=3205/3206 metrics=cnt=1205
total_loss=0.00
qa_cot_loss=0.00
qa_sft_tokens=753.86
qa_main_sft_loss=0.00
qa_main_sft_tokens=663.47
qa_relevance_sft_loss=0.00
qa_relevance_sft_tokens=90.39
lr=5.000e-05
[BARRIER-PROBE][epoch43_sft_train_end] rank=0 wait=0.00s ok
[dev SFT] epoch=43 dev/qa_cot_loss=1.4233 dev/qa_perplexity=4.15081 dev/qa_sft_tokens=2.9848e+06 dev/qa_main_sft_loss=1.5777 dev/qa_main_perplexity=4.8438 dev/qa_main_sft_tokens=2.66882e+06 dev/qa_relevance_sft_loss=0.119293 dev/qa_relevance_perplexity=1.1267 dev/qa_relevance_sft_tokens=315990 dev/qa_main_token_accuracy=0.809761 dev/qa_relevance_token_accuracy=0.984674
[BARRIER-PROBE][epoch43_sft_after_save] rank=0 wait=0.00s ok
[INFO] start pure SFT epoch=44 num_batch=3206
[training info] mode=sft epoch=44 step=0/3206 metrics=cnt=1
total_loss=0.00
qa_cot_loss=0.00
qa_sft_tokens=878.00
qa_main_sft_loss=0.00
qa_main_sft_tokens=801.00
qa_relevance_sft_loss=0.00
qa_relevance_sft_tokens=77.00
lr=5.000e-05
[training info] mode=sft epoch=44 step=10/3206 metrics=cnt=10
total_loss=0.00
qa_cot_loss=0.00
qa_sft_tokens=740.50
qa_main_sft_loss=0.00
qa_main_sft_tokens=656.30
qa_relevance_sft_loss=0.00
qa_relevance_sft_tokens=84.20
lr=5.000e-05
[training info] mode=sft epoch=44 step=50/3206 metrics=cnt=40
total_loss=0.00
qa_cot_loss=0.00
qa_sft_tokens=667.17
qa_main_sft_loss=0.00
qa_main_sft_tokens=577.05
qa_relevance_sft_loss=0.00
qa_relevance_sft_tokens=90.12
lr=5.000e-05
[training info] mode=sft epoch=44 step=100/3206 metrics=cnt=50
total_loss=0.00
qa_cot_loss=0.00
qa_sft_tokens=841.68
qa_main_sft_loss=0.00
qa_main_sft_tokens=752.34
qa_relevance_sft_loss=0.00
qa_relevance_sft_tokens=89.34
lr=5.000e-05
[training info] mode=sft epoch=44 step=1000/3206 metrics=cnt=900
total_loss=0.00
qa_cot_loss=0.00
qa_sft_tokens=747.85
qa_main_sft_loss=0.00
qa_main_sft_tokens=657.96
qa_relevance_sft_loss=0.00
qa_relevance_sft_tokens=89.89
lr=5.000e-05
[2026-09-06 05:50:03,954] [INFO] [AiScheduler#1] [executor.py:361] execute_once running, len(finish_tasks): [0]
[training info] mode=sft epoch=44 step=2000/3206 metrics=cnt=1000
total_loss=0.00
qa_cot_loss=0.00
qa_sft_tokens=752.11
qa_main_sft_loss=0.00
qa_main_sft_tokens=661.45
qa_relevance_sft_loss=0.00
qa_relevance_sft_tokens=90.65
lr=5.000e-05
[training info] mode=sft epoch=44 step=3000/3206 metrics=cnt=1000
total_loss=0.00
qa_cot_loss=0.00
qa_sft_tokens=754.75
qa_main_sft_loss=0.00
qa_main_sft_tokens=666.07
qa_relevance_sft_loss=0.00
qa_relevance_sft_tokens=88.69
lr=5.000e-05
[training info] mode=sft epoch=44 step=3205/3206 metrics=cnt=1205
total_loss=0.00
qa_cot_loss=0.00
qa_sft_tokens=751.73
qa_main_sft_loss=0.00
qa_main_sft_tokens=662.87
qa_relevance_sft_loss=0.00
qa_relevance_sft_tokens=88.86
lr=5.000e-05
[BARRIER-PROBE][epoch44_sft_train_end] rank=0 wait=0.06s ok
[dev SFT] epoch=44 dev/qa_cot_loss=1.46564 dev/qa_perplexity=4.33032 dev/qa_sft_tokens=2.9848e+06 dev/qa_main_sft_loss=1.62525 dev/qa_main_perplexity=5.07971 dev/qa_main_sft_tokens=2.66882e+06 dev/qa_relevance_sft_loss=0.117576 dev/qa_relevance_perplexity=1.12477 dev/qa_relevance_sft_tokens=315990 dev/qa_main_token_accuracy=0.811221 dev/qa_relevance_token_accuracy=0.982749
[BARRIER-PROBE][epoch44_sft_after_save] rank=0 wait=0.00s ok
[INFO] start pure SFT epoch=45 num_batch=3206
[training info] mode=sft epoch=45 step=0/3206 metrics=cnt=1
total_loss=0.00
qa_cot_loss=0.00
qa_sft_tokens=511.00
qa_main_sft_loss=0.00
qa_main_sft_tokens=430.00
qa_relevance_sft_loss=0.00
qa_relevance_sft_tokens=81.00
lr=5.000e-05
[training info] mode=sft epoch=45 step=10/3206 metrics=cnt=10
total_loss=0.00
qa_cot_loss=0.00
qa_sft_tokens=819.90
qa_main_sft_loss=0.00
qa_main_sft_tokens=733.20
qa_relevance_sft_loss=0.00
qa_relevance_sft_tokens=86.70
lr=5.000e-05
[training info] mode=sft epoch=45 step=50/3206 metrics=cnt=40
total_loss=0.00
qa_cot_loss=0.00
qa_sft_tokens=709.15
qa_main_sft_loss=0.00
qa_main_sft_tokens=615.70
qa_relevance_sft_loss=0.00
qa_relevance_sft_tokens=93.45
lr=5.000e-05
[training info] mode=sft epoch=45 step=100/3206 metrics=cnt=50
total_loss=0.00
qa_cot_loss=0.00
qa_sft_tokens=707.44
qa_main_sft_loss=0.00
qa_main_sft_tokens=614.86
qa_relevance_sft_loss=0.00
qa_relevance_sft_tokens=92.58
lr=5.000e-05
[2026-09-06 06:50:07,085] [INFO] [AiScheduler#1] [executor.py:361] execute_once running, len(finish_tasks): [0]
[training info] mode=sft epoch=45 step=1000/3206 metrics=cnt=900
total_loss=0.00
qa_cot_loss=0.00
qa_sft_tokens=753.61
qa_main_sft_loss=0.00
qa_main_sft_tokens=661.97
qa_relevance_sft_loss=0.00
qa_relevance_sft_tokens=91.63
lr=5.000e-05
[training info] mode=sft epoch=45 step=2000/3206 metrics=cnt=1000
total_loss=0.00
qa_cot_loss=0.00
qa_sft_tokens=771.25
qa_main_sft_loss=0.00
qa_main_sft_tokens=682.15
qa_relevance_sft_loss=0.00
qa_relevance_sft_tokens=89.10
lr=5.000e-05
[2026-09-06 07:50:10,225] [INFO] [AiScheduler#1] [executor.py:361] execute_once running, len(finish_tasks): [0]
[training info] mode=sft epoch=45 step=3000/3206 metrics=cnt=1000
total_loss=0.00
qa_cot_loss=0.00
qa_sft_tokens=748.18
qa_main_sft_loss=0.00
qa_main_sft_tokens=657.45
qa_relevance_sft_loss=0.00
qa_relevance_sft_tokens=90.74
lr=5.000e-05
[training info] mode=sft epoch=45 step=3205/3206 metrics=cnt=1205
total_loss=0.00
qa_cot_loss=0.00
qa_sft_tokens=745.54
qa_main_sft_loss=0.00
qa_main_sft_tokens=654.56
qa_relevance_sft_loss=0.00
qa_relevance_sft_tokens=90.98
lr=5.000e-05
[BARRIER-PROBE][epoch45_sft_train_end] rank=0 wait=0.00s ok
[dev SFT] epoch=45 dev/qa_cot_loss=1.48893 dev/qa_perplexity=4.43234 dev/qa_sft_tokens=2.9848e+06 dev/qa_main_sft_loss=1.65309 dev/qa_main_perplexity=5.2231 dev/qa_main_sft_tokens=2.66882e+06 dev/qa_relevance_sft_loss=0.102418 dev/qa_relevance_perplexity=1.10785 dev/qa_relevance_sft_tokens=315990 dev/qa_main_token_accuracy=0.807509 dev/qa_relevance_token_accuracy=0.983651
[BARRIER-PROBE][epoch45_sft_after_save] rank=0 wait=0.00s ok
[INFO] start pure SFT epoch=46 num_batch=3206
[training info] mode=sft epoch=46 step=0/3206 metrics=cnt=1
total_loss=0.00
qa_cot_loss=0.00
qa_sft_tokens=273.00
qa_main_sft_loss=0.00
qa_main_sft_tokens=150.00
qa_relevance_sft_loss=0.00
qa_relevance_sft_tokens=123.00
lr=5.000e-05
[training info] mode=sft epoch=46 step=10/3206 metrics=cnt=10
total_loss=0.00
qa_cot_loss=0.00
qa_sft_tokens=807.90
qa_main_sft_loss=0.00
qa_main_sft_tokens=716.80
qa_relevance_sft_loss=0.00
qa_relevance_sft_tokens=91.10
lr=5.000e-05
[training info] mode=sft epoch=46 step=50/3206 metrics=cnt=40
total_loss=0.00
qa_cot_loss=0.00
qa_sft_tokens=719.67
qa_main_sft_loss=0.00
qa_main_sft_tokens=628.12
qa_relevance_sft_loss=0.00
qa_relevance_sft_tokens=91.55
lr=5.000e-05
[training info] mode=sft epoch=46 step=100/3206 metrics=cnt=50
total_loss=0.00
qa_cot_loss=0.00
qa_sft_tokens=743.44
qa_main_sft_loss=0.00
qa_main_sft_tokens=651.10
qa_relevance_sft_loss=0.00
qa_relevance_sft_tokens=92.34
lr=5.000e-05
[training info] mode=sft epoch=46 step=1000/3206 metrics=cnt=900
total_loss=0.00
qa_cot_loss=0.00
qa_sft_tokens=767.39
qa_main_sft_loss=0.00
qa_main_sft_tokens=677.42
qa_relevance_sft_loss=0.00
qa_relevance_sft_tokens=89.96
lr=5.000e-05
[2026-09-06 08:50:13,399] [INFO] [AiScheduler#1] [executor.py:361] execute_once running, len(finish_tasks): [0]
[training info] mode=sft epoch=46 step=2000/3206 metrics=cnt=1000
total_loss=0.00
qa_cot_loss=0.00
qa_sft_tokens=764.45
qa_main_sft_loss=0.00
qa_main_sft_tokens=674.92
qa_relevance_sft_loss=0.00
qa_relevance_sft_tokens=89.54
lr=5.000e-05
[training info] mode=sft epoch=46 step=3000/3206 metrics=cnt=1000
total_loss=0.00
qa_cot_loss=0.00
qa_sft_tokens=762.39
qa_main_sft_loss=0.00
qa_main_sft_tokens=672.13
qa_relevance_sft_loss=0.00
qa_relevance_sft_tokens=90.26
lr=5.000e-05
[training info] mode=sft epoch=46 step=3205/3206 metrics=cnt=1205
total_loss=0.00
qa_cot_loss=0.00
qa_sft_tokens=762.22
qa_main_sft_loss=0.00
qa_main_sft_tokens=671.62
qa_relevance_sft_loss=0.00
qa_relevance_sft_tokens=90.60
lr=5.000e-05
[BARRIER-PROBE][epoch46_sft_train_end] rank=0 wait=0.05s ok
[dev SFT] epoch=46 dev/qa_cot_loss=1.5033 dev/qa_perplexity=4.49649 dev/qa_sft_tokens=2.9848e+06 dev/qa_main_sft_loss=1.66828 dev/qa_main_perplexity=5.30302 dev/qa_main_sft_tokens=2.66882e+06 dev/qa_relevance_sft_loss=0.109906 dev/qa_relevance_perplexity=1.11617 dev/qa_relevance_sft_tokens=315990 dev/qa_main_token_accuracy=0.810874 dev/qa_relevance_token_accuracy=0.983499
[BARRIER-PROBE][epoch46_sft_after_save] rank=0 wait=0.00s ok
[INFO] start pure SFT epoch=47 num_batch=3206
[training info] mode=sft epoch=47 step=0/3206 metrics=cnt=1
total_loss=0.00
qa_cot_loss=0.00
qa_sft_tokens=870.00
qa_main_sft_loss=0.00
qa_main_sft_tokens=793.00
qa_relevance_sft_loss=0.00
qa_relevance_sft_tokens=77.00
lr=5.000e-05
[training info] mode=sft epoch=47 step=10/3206 metrics=cnt=10
total_loss=0.00
qa_cot_loss=0.00
qa_sft_tokens=828.80
qa_main_sft_loss=0.00
qa_main_sft_tokens=741.60
qa_relevance_sft_loss=0.00
qa_relevance_sft_tokens=87.20
lr=5.000e-05
[training info] mode=sft epoch=47 step=50/3206 metrics=cnt=40
total_loss=0.00
qa_cot_loss=0.00
qa_sft_tokens=746.90
qa_main_sft_loss=0.00
qa_main_sft_tokens=656.65
qa_relevance_sft_loss=0.00
qa_relevance_sft_tokens=90.25
lr=5.000e-05
[training info] mode=sft epoch=47 step=100/3206 metrics=cnt=50
total_loss=0.00
qa_cot_loss=0.00
qa_sft_tokens=849.58
qa_main_sft_loss=0.00
qa_main_sft_tokens=763.76
qa_relevance_sft_loss=0.00
qa_relevance_sft_tokens=85.82
lr=5.000e-05
[training info] mode=sft epoch=47 step=1000/3206 metrics=cnt=900
total_loss=0.00
qa_cot_loss=0.00
qa_sft_tokens=776.21
qa_main_sft_loss=0.00
qa_main_sft_tokens=687.86
qa_relevance_sft_loss=0.00
qa_relevance_sft_tokens=88.35
lr=5.000e-05
[2026-09-06 09:50:16,548] [INFO] [AiScheduler#1] [executor.py:361] execute_once running, len(finish_tasks): [0]
[training info] mode=sft epoch=47 step=2000/3206 metrics=cnt=1000
total_loss=0.00
qa_cot_loss=0.00
qa_sft_tokens=744.54
qa_main_sft_loss=0.00
qa_main_sft_tokens=652.52
qa_relevance_sft_loss=0.00
qa_relevance_sft_tokens=92.02
lr=5.000e-05
[training info] mode=sft epoch=47 step=3000/3206 metrics=cnt=1000
total_loss=0.00
qa_cot_loss=0.00
qa_sft_tokens=752.63
qa_main_sft_loss=0.00
qa_main_sft_tokens=661.04
qa_relevance_sft_loss=0.00
qa_relevance_sft_tokens=91.59
lr=5.000e-05
[training info] mode=sft epoch=47 step=3205/3206 metrics=cnt=1205
total_loss=0.00
qa_cot_loss=0.00
qa_sft_tokens=756.20
qa_main_sft_loss=0.00
qa_main_sft_tokens=664.95
qa_relevance_sft_loss=0.00
qa_relevance_sft_tokens=91.25
lr=5.000e-05
[BARRIER-PROBE][epoch47_sft_train_end] rank=0 wait=0.00s ok
[dev SFT] epoch=47 dev/qa_cot_loss=1.49762 dev/qa_perplexity=4.47105 dev/qa_sft_tokens=2.9848e+06 dev/qa_main_sft_loss=1.65715 dev/qa_main_perplexity=5.24434 dev/qa_main_sft_tokens=2.66882e+06 dev/qa_relevance_sft_loss=0.150279 dev/qa_relevance_perplexity=1.16216 dev/qa_relevance_sft_tokens=315990 dev/qa_main_token_accuracy=0.807509 dev/qa_relevance_token_accuracy=0.97949
[BARRIER-PROBE][epoch47_sft_after_save] rank=0 wait=0.00s ok
[INFO] start pure SFT epoch=48 num_batch=3206
[training info] mode=sft epoch=48 step=0/3206 metrics=cnt=1
total_loss=0.00
qa_cot_loss=0.00
qa_sft_tokens=624.00
qa_main_sft_loss=0.00
qa_main_sft_tokens=506.00
qa_relevance_sft_loss=0.00
qa_relevance_sft_tokens=118.00
lr=5.000e-05
[training info] mode=sft epoch=48 step=10/3206 metrics=cnt=10
total_loss=0.00
qa_cot_loss=0.00
qa_sft_tokens=730.50
qa_main_sft_loss=0.00
qa_main_sft_tokens=636.50
qa_relevance_sft_loss=0.00
qa_relevance_sft_tokens=94.00
lr=5.000e-05
[training info] mode=sft epoch=48 step=50/3206 metrics=cnt=40
total_loss=0.00
qa_cot_loss=0.00
qa_sft_tokens=744.67
qa_main_sft_loss=0.00
qa_main_sft_tokens=645.20
qa_relevance_sft_loss=0.00
qa_relevance_sft_tokens=99.47
lr=5.000e-05
[training info] mode=sft epoch=48 step=100/3206 metrics=cnt=50
total_loss=0.00
qa_cot_loss=0.00
qa_sft_tokens=753.08
qa_main_sft_loss=0.00
qa_main_sft_tokens=669.00
qa_relevance_sft_loss=0.00
qa_relevance_sft_tokens=84.08
lr=5.000e-05
[2026-09-06 10:50:19,741] [INFO] [AiScheduler#1] [executor.py:361] execute_once running, len(finish_tasks): [0]
[training info] mode=sft epoch=48 step=1000/3206 metrics=cnt=900
total_loss=0.00
qa_cot_loss=0.00
qa_sft_tokens=749.48
qa_main_sft_loss=0.00
qa_main_sft_tokens=658.62
qa_relevance_sft_loss=0.00
qa_relevance_sft_tokens=90.86
lr=5.000e-05
[training info] mode=sft epoch=48 step=2000/3206 metrics=cnt=1000
total_loss=0.00
qa_cot_loss=0.00
qa_sft_tokens=769.82
qa_main_sft_loss=0.00
qa_main_sft_tokens=679.75
qa_relevance_sft_loss=0.00
qa_relevance_sft_tokens=90.07
lr=5.000e-05
[2026-09-06 11:50:22,978] [INFO] [AiScheduler#1] [executor.py:361] execute_once running, len(finish_tasks): [0]
[training info] mode=sft epoch=48 step=3000/3206 metrics=cnt=1000
total_loss=0.00
qa_cot_loss=0.00
qa_sft_tokens=758.64
qa_main_sft_loss=0.00
qa_main_sft_tokens=668.88
qa_relevance_sft_loss=0.00
qa_relevance_sft_tokens=89.76
lr=5.000e-05
[training info] mode=sft epoch=48 step=3205/3206 metrics=cnt=1205
total_loss=0.00
qa_cot_loss=0.00
qa_sft_tokens=760.06
qa_main_sft_loss=0.00
qa_main_sft_tokens=670.74
qa_relevance_sft_loss=0.00
qa_relevance_sft_tokens=89.32
lr=5.000e-05
[BARRIER-PROBE][epoch48_sft_train_end] rank=0 wait=0.02s ok
[dev SFT] epoch=48 dev/qa_cot_loss=1.44729 dev/qa_perplexity=4.25156 dev/qa_sft_tokens=2.9848e+06 dev/qa_main_sft_loss=1.60512 dev/qa_main_perplexity=4.97844 dev/qa_main_sft_tokens=2.66882e+06 dev/qa_relevance_sft_loss=0.114268 dev/qa_relevance_perplexity=1.12105 dev/qa_relevance_sft_tokens=315990 dev/qa_main_token_accuracy=0.80836 dev/qa_relevance_token_accuracy=0.983316
[BARRIER-PROBE][epoch48_sft_after_save] rank=0 wait=0.00s ok
[INFO] start pure SFT epoch=49 num_batch=3206
[training info] mode=sft epoch=49 step=0/3206 metrics=cnt=1
total_loss=0.00
qa_cot_loss=0.00
qa_sft_tokens=574.00
qa_main_sft_loss=0.00
qa_main_sft_tokens=474.00
qa_relevance_sft_loss=0.00
qa_relevance_sft_tokens=100.00
lr=5.000e-05
[training info] mode=sft epoch=49 step=10/3206 metrics=cnt=10
total_loss=0.00
qa_cot_loss=0.00
qa_sft_tokens=689.20
qa_main_sft_loss=0.00
qa_main_sft_tokens=595.20
qa_relevance_sft_loss=0.00
qa_relevance_sft_tokens=94.00
lr=5.000e-05
[training info] mode=sft epoch=49 step=50/3206 metrics=cnt=40
total_loss=0.00
qa_cot_loss=0.00
qa_sft_tokens=679.42
qa_main_sft_loss=0.00
qa_main_sft_tokens=581.25
qa_relevance_sft_loss=0.00
qa_relevance_sft_tokens=98.17
lr=5.000e-05
[training info] mode=sft epoch=49 step=100/3206 metrics=cnt=50
total_loss=0.00
qa_cot_loss=0.00
qa_sft_tokens=684.76
qa_main_sft_loss=0.00
qa_main_sft_tokens=588.50
qa_relevance_sft_loss=0.00
qa_relevance_sft_tokens=96.26
lr=5.000e-05
[training info] mode=sft epoch=49 step=1000/3206 metrics=cnt=900
total_loss=0.00
qa_cot_loss=0.00
qa_sft_tokens=749.92
qa_main_sft_loss=0.00
qa_main_sft_tokens=658.74
qa_relevance_sft_loss=0.00
qa_relevance_sft_tokens=91.17
lr=5.000e-05
[2026-09-06 12:50:26,069] [INFO] [AiScheduler#1] [executor.py:361] execute_once running, len(finish_tasks): [0]
[training info] mode=sft epoch=49 step=2000/3206 metrics=cnt=1000
total_loss=0.00
qa_cot_loss=0.00
qa_sft_tokens=754.20
qa_main_sft_loss=0.00
qa_main_sft_tokens=664.93
qa_relevance_sft_loss=0.00
qa_relevance_sft_tokens=89.27
lr=5.000e-05
[training info] mode=sft epoch=49 step=3000/3206 metrics=cnt=1000
total_loss=0.00
qa_cot_loss=0.00
qa_sft_tokens=754.59
qa_main_sft_loss=0.00
qa_main_sft_tokens=663.51
qa_relevance_sft_loss=0.00
qa_relevance_sft_tokens=91.08
lr=5.000e-05
[training info] mode=sft epoch=49 step=3205/3206 metrics=cnt=1205
total_loss=0.00
qa_cot_loss=0.00
qa_sft_tokens=752.42
qa_main_sft_loss=0.00
qa_main_sft_tokens=661.25
qa_relevance_sft_loss=0.00
qa_relevance_sft_tokens=91.16
lr=5.000e-05
[BARRIER-PROBE][epoch49_sft_train_end] rank=0 wait=0.00s ok
[dev SFT] epoch=49 dev/qa_cot_loss=1.49205 dev/qa_perplexity=4.44619 dev/qa_sft_tokens=2.9848e+06 dev/qa_main_sft_loss=1.65137 dev/qa_main_perplexity=5.21409 dev/qa_main_sft_tokens=2.66882e+06 dev/qa_relevance_sft_loss=0.14648 dev/qa_relevance_perplexity=1.15775 dev/qa_relevance_sft_tokens=315990 dev/qa_main_token_accuracy=0.809065 dev/qa_relevance_token_accuracy=0.981993
[BARRIER-PROBE][epoch49_sft_after_save] rank=0 wait=0.00s ok
[INFO] start pure SFT epoch=50 num_batch=3206
[training info] mode=sft epoch=50 step=0/3206 metrics=cnt=1
total_loss=0.00
qa_cot_loss=0.00
qa_sft_tokens=1227.00
qa_main_sft_loss=0.00
qa_main_sft_tokens=1178.00
qa_relevance_sft_loss=0.00
qa_relevance_sft_tokens=49.00
lr=5.000e-05
[training info] mode=sft epoch=50 step=10/3206 metrics=cnt=10
total_loss=0.01
qa_cot_loss=0.01
qa_sft_tokens=845.10
qa_main_sft_loss=0.01
qa_main_sft_tokens=765.60
qa_relevance_sft_loss=0.00
qa_relevance_sft_tokens=79.50
lr=5.000e-05
[training info] mode=sft epoch=50 step=50/3206 metrics=cnt=40
total_loss=0.00
qa_cot_loss=0.00
qa_sft_tokens=741.42
qa_main_sft_loss=0.00
qa_main_sft_tokens=649.90
qa_relevance_sft_loss=0.00
qa_relevance_sft_tokens=91.52
lr=5.000e-05
[training info] mode=sft epoch=50 step=100/3206 metrics=cnt=50
total_loss=0.00
qa_cot_loss=0.00
qa_sft_tokens=728.40
qa_main_sft_loss=0.00
qa_main_sft_tokens=631.20
qa_relevance_sft_loss=0.00
qa_relevance_sft_tokens=97.20
lr=5.000e-05
[2026-09-06 13:50:29,226] [INFO] [AiScheduler#1] [executor.py:361] execute_once running, len(finish_tasks): [0]
[training info] mode=sft epoch=50 step=1000/3206 metrics=cnt=900
total_loss=0.00
qa_cot_loss=0.00
qa_sft_tokens=739.74
qa_main_sft_loss=0.00
qa_main_sft_tokens=648.29
qa_relevance_sft_loss=0.00
qa_relevance_sft_tokens=91.45
lr=5.000e-05
[training info] mode=sft epoch=50 step=2000/3206 metrics=cnt=1000
total_loss=0.00
qa_cot_loss=0.00
qa_sft_tokens=768.66
qa_main_sft_loss=0.00
qa_main_sft_tokens=678.48
qa_relevance_sft_loss=0.00
qa_relevance_sft_tokens=90.19
lr=5.000e-05
[training info] mode=sft epoch=50 step=3000/3206 metrics=cnt=1000
total_loss=0.00
qa_cot_loss=0.00
qa_sft_tokens=756.21
qa_main_sft_loss=0.00
qa_main_sft_tokens=665.60
qa_relevance_sft_loss=0.00
qa_relevance_sft_tokens=90.61
lr=5.000e-05
[2026-09-06 14:50:32,305] [INFO] [AiScheduler#1] [executor.py:361] execute_once running, len(finish_tasks): [0]
[training info] mode=sft epoch=50 step=3205/3206 metrics=cnt=1205
total_loss=0.00
qa_cot_loss=0.00
qa_sft_tokens=765.03
qa_main_sft_loss=0.00
qa_main_sft_tokens=675.14
qa_relevance_sft_loss=0.00
qa_relevance_sft_tokens=89.89
lr=5.000e-05
[BARRIER-PROBE][epoch50_sft_train_end] rank=0 wait=0.02s ok
[dev SFT] epoch=50 dev/qa_cot_loss=1.52305 dev/qa_perplexity=4.58617 dev/qa_sft_tokens=2.9848e+06 dev/qa_main_sft_loss=1.69068 dev/qa_main_perplexity=5.42319 dev/qa_main_sft_tokens=2.66882e+06 dev/qa_relevance_sft_loss=0.107188 dev/qa_relevance_perplexity=1.11314 dev/qa_relevance_sft_tokens=315990 dev/qa_main_token_accuracy=0.805337 dev/qa_relevance_token_accuracy=0.983718
[BARRIER-PROBE][epoch50_sft_after_save] rank=0 wait=0.00s ok
[INFO] start pure SFT epoch=51 num_batch=3206
[training info] mode=sft epoch=51 step=0/3206 metrics=cnt=1
total_loss=0.00
qa_cot_loss=0.00
qa_sft_tokens=1073.00
qa_main_sft_loss=0.00
qa_main_sft_tokens=1038.00
qa_relevance_sft_loss=0.00
qa_relevance_sft_tokens=35.00
lr=5.000e-05
[training info] mode=sft epoch=51 step=10/3206 metrics=cnt=10
total_loss=0.00
qa_cot_loss=0.00
qa_sft_tokens=978.40
qa_main_sft_loss=0.00
qa_main_sft_tokens=903.20
qa_relevance_sft_loss=0.00
qa_relevance_sft_tokens=75.20
lr=5.000e-05
[training info] mode=sft epoch=51 step=50/3206 metrics=cnt=40
total_loss=0.00
qa_cot_loss=0.00
qa_sft_tokens=703.92
qa_main_sft_loss=0.00
qa_main_sft_tokens=607.57
qa_relevance_sft_loss=0.00
qa_relevance_sft_tokens=96.35
lr=5.000e-05
[training info] mode=sft epoch=51 step=100/3206 metrics=cnt=50
total_loss=0.00
qa_cot_loss=0.00
qa_sft_tokens=843.56
qa_main_sft_loss=0.00
qa_main_sft_tokens=759.40
qa_relevance_sft_loss=0.00
qa_relevance_sft_tokens=84.16
lr=5.000e-05
[training info] mode=sft epoch=51 step=1000/3206 metrics=cnt=900
total_loss=0.00
qa_cot_loss=0.00
qa_sft_tokens=766.24
qa_main_sft_loss=0.00
qa_main_sft_tokens=676.89
qa_relevance_sft_loss=0.00
qa_relevance_sft_tokens=89.35
lr=5.000e-05
[training info] mode=sft epoch=51 step=2000/3206 metrics=cnt=1000
total_loss=0.00
qa_cot_loss=0.00
qa_sft_tokens=755.40
qa_main_sft_loss=0.00
qa_main_sft_tokens=664.72
qa_relevance_sft_loss=0.00
qa_relevance_sft_tokens=90.68
lr=5.000e-05
[2026-09-06 15:50:35,491] [INFO] [AiScheduler#1] [executor.py:361] execute_once running, len(finish_tasks): [0]
[training info] mode=sft epoch=51 step=3000/3206 metrics=cnt=1000
total_loss=0.00
qa_cot_loss=0.00
qa_sft_tokens=768.93
qa_main_sft_loss=0.00
qa_main_sft_tokens=678.96
qa_relevance_sft_loss=0.00
qa_relevance_sft_tokens=89.97
lr=5.000e-05
[training info] mode=sft epoch=51 step=3205/3206 metrics=cnt=1205
total_loss=0.00
qa_cot_loss=0.00
qa_sft_tokens=765.13
qa_main_sft_loss=0.00
qa_main_sft_tokens=675.04
qa_relevance_sft_loss=0.00
qa_relevance_sft_tokens=90.09
lr=5.000e-05
[BARRIER-PROBE][epoch51_sft_train_end] rank=0 wait=0.01s ok
[dev SFT] epoch=51 dev/qa_cot_loss=1.52229 dev/qa_perplexity=4.58271 dev/qa_sft_tokens=2.9848e+06 dev/qa_main_sft_loss=1.68778 dev/qa_main_perplexity=5.40746 dev/qa_main_sft_tokens=2.66882e+06 dev/qa_relevance_sft_loss=0.124593 dev/qa_relevance_perplexity=1.13269 dev/qa_relevance_sft_tokens=315990 dev/qa_main_token_accuracy=0.806947 dev/qa_relevance_token_accuracy=0.982056
[BARRIER-PROBE][epoch51_sft_after_save] rank=0 wait=0.00s ok
[INFO] start pure SFT epoch=52 num_batch=3206
[training info] mode=sft epoch=52 step=0/3206 metrics=cnt=1
total_loss=0.00
qa_cot_loss=0.00
qa_sft_tokens=684.00
qa_main_sft_loss=0.00
qa_main_sft_tokens=547.00
qa_relevance_sft_loss=0.00
qa_relevance_sft_tokens=137.00
lr=5.000e-05
[training info] mode=sft epoch=52 step=10/3206 metrics=cnt=10
total_loss=0.00
qa_cot_loss=0.00
qa_sft_tokens=710.30
qa_main_sft_loss=0.01
qa_main_sft_tokens=620.90
qa_relevance_sft_loss=0.00
qa_relevance_sft_tokens=89.40
lr=5.000e-05
[training info] mode=sft epoch=52 step=50/3206 metrics=cnt=40
total_loss=0.00
qa_cot_loss=0.00
qa_sft_tokens=784.07
qa_main_sft_loss=0.00
qa_main_sft_tokens=700.52
qa_relevance_sft_loss=0.00
qa_relevance_sft_tokens=83.55
lr=5.000e-05
[training info] mode=sft epoch=52 step=100/3206 metrics=cnt=50
total_loss=0.00
qa_cot_loss=0.00
qa_sft_tokens=786.52
qa_main_sft_loss=0.00
qa_main_sft_tokens=692.46
qa_relevance_sft_loss=0.00
qa_relevance_sft_tokens=94.06
lr=5.000e-05
[training info] mode=sft epoch=52 step=1000/3206 metrics=cnt=900
total_loss=0.00
qa_cot_loss=0.00
qa_sft_tokens=764.73
qa_main_sft_loss=0.00
qa_main_sft_tokens=673.33
qa_relevance_sft_loss=0.00
qa_relevance_sft_tokens=91.40
lr=5.000e-05
[2026-09-06 16:50:38,615] [INFO] [AiScheduler#1] [executor.py:361] execute_once running, len(finish_tasks): [0]
[training info] mode=sft epoch=52 step=2000/3206 metrics=cnt=1000
total_loss=0.00
qa_cot_loss=0.00
qa_sft_tokens=748.90
qa_main_sft_loss=0.00
qa_main_sft_tokens=659.40
qa_relevance_sft_loss=0.00
qa_relevance_sft_tokens=89.50
lr=5.000e-05
[training info] mode=sft epoch=52 step=3000/3206 metrics=cnt=1000
total_loss=0.00
qa_cot_loss=0.00
qa_sft_tokens=750.48
qa_main_sft_loss=0.00
qa_main_sft_tokens=659.51
qa_relevance_sft_loss=0.00
qa_relevance_sft_tokens=90.97
lr=5.000e-05
[training info] mode=sft epoch=52 step=3205/3206 metrics=cnt=1205
total_loss=0.00
qa_cot_loss=0.00
qa_sft_tokens=746.33
qa_main_sft_loss=0.00
qa_main_sft_tokens=655.12
qa_relevance_sft_loss=0.00
qa_relevance_sft_tokens=91.20
lr=5.000e-05
[BARRIER-PROBE][epoch52_sft_train_end] rank=0 wait=0.02s ok
[dev SFT] epoch=52 dev/qa_cot_loss=1.52601 dev/qa_perplexity=4.59978 dev/qa_sft_tokens=2.9848e+06 dev/qa_main_sft_loss=1.69193 dev/qa_main_perplexity=5.42997 dev/qa_main_sft_tokens=2.66882e+06 dev/qa_relevance_sft_loss=0.124631 dev/qa_relevance_perplexity=1.13273 dev/qa_relevance_sft_tokens=315990 dev/qa_main_token_accuracy=0.808078 dev/qa_relevance_token_accuracy=0.981439
[BARRIER-PROBE][epoch52_sft_after_save] rank=0 wait=0.00s ok
[INFO] start pure SFT epoch=53 num_batch=3206
[training info] mode=sft epoch=53 step=0/3206 metrics=cnt=1
total_loss=0.00
qa_cot_loss=0.00
qa_sft_tokens=351.00
qa_main_sft_loss=0.00
qa_main_sft_tokens=228.00
qa_relevance_sft_loss=0.00
qa_relevance_sft_tokens=123.00
lr=5.000e-05
[training info] mode=sft epoch=53 step=10/3206 metrics=cnt=10
total_loss=0.00
qa_cot_loss=0.00
qa_sft_tokens=742.10
qa_main_sft_loss=0.00
qa_main_sft_tokens=651.50
qa_relevance_sft_loss=0.00
qa_relevance_sft_tokens=90.60
lr=5.000e-05
[training info] mode=sft epoch=53 step=50/3206 metrics=cnt=40
total_loss=0.00
qa_cot_loss=0.00
qa_sft_tokens=691.62
qa_main_sft_loss=0.00
qa_main_sft_tokens=599.50
qa_relevance_sft_loss=0.00
qa_relevance_sft_tokens=92.12
lr=5.000e-05
[training info] mode=sft epoch=53 step=100/3206 metrics=cnt=50
total_loss=0.00
qa_cot_loss=0.00
qa_sft_tokens=753.18
qa_main_sft_loss=0.00
qa_main_sft_tokens=662.12
qa_relevance_sft_loss=0.00
qa_relevance_sft_tokens=91.06
lr=5.000e-05
[2026-09-06 17:50:41,709] [INFO] [AiScheduler#1] [executor.py:361] execute_once running, len(finish_tasks): [0]
[training info] mode=sft epoch=53 step=1000/3206 metrics=cnt=900
total_loss=0.00
qa_cot_loss=0.00
qa_sft_tokens=765.31
qa_main_sft_loss=0.00
qa_main_sft_tokens=675.95
qa_relevance_sft_loss=0.00
qa_relevance_sft_tokens=89.36
lr=5.000e-05
[training info] mode=sft epoch=53 step=2000/3206 metrics=cnt=1000
total_loss=0.00
qa_cot_loss=0.00
qa_sft_tokens=765.01
qa_main_sft_loss=0.00
qa_main_sft_tokens=675.01
qa_relevance_sft_loss=0.00
qa_relevance_sft_tokens=90.00
lr=5.000e-05
[2026-09-06 18:50:44,801] [INFO] [AiScheduler#1] [executor.py:361] execute_once running, len(finish_tasks): [0]
[training info] mode=sft epoch=53 step=3000/3206 metrics=cnt=1000
total_loss=0.00
qa_cot_loss=0.00
qa_sft_tokens=772.54
qa_main_sft_loss=0.00
qa_main_sft_tokens=684.13
qa_relevance_sft_loss=0.00
qa_relevance_sft_tokens=88.40
lr=5.000e-05
[training info] mode=sft epoch=53 step=3205/3206 metrics=cnt=1205
total_loss=0.00
qa_cot_loss=0.00
qa_sft_tokens=766.93
qa_main_sft_loss=0.00
qa_main_sft_tokens=678.36
qa_relevance_sft_loss=0.00
qa_relevance_sft_tokens=88.57
lr=5.000e-05
[BARRIER-PROBE][epoch53_sft_train_end] rank=0 wait=0.01s ok
[dev SFT] epoch=53 dev/qa_cot_loss=1.55146 dev/qa_perplexity=4.71835 dev/qa_sft_tokens=2.9848e+06 dev/qa_main_sft_loss=1.72237 dev/qa_main_perplexity=5.5978 dev/qa_main_sft_tokens=2.66882e+06 dev/qa_relevance_sft_loss=0.107944 dev/qa_relevance_perplexity=1.11399 dev/qa_relevance_sft_tokens=315990 dev/qa_main_token_accuracy=0.806425 dev/qa_relevance_token_accuracy=0.982901
[BARRIER-PROBE][epoch53_sft_after_save] rank=0 wait=0.00s ok
[INFO] start pure SFT epoch=54 num_batch=3206
[training info] mode=sft epoch=54 step=0/3206 metrics=cnt=1
total_loss=0.00
qa_cot_loss=0.00
qa_sft_tokens=1224.00
qa_main_sft_loss=0.00
qa_main_sft_tokens=1132.00
qa_relevance_sft_loss=0.00
qa_relevance_sft_tokens=92.00
lr=5.000e-05
[training info] mode=sft epoch=54 step=10/3206 metrics=cnt=10
total_loss=0.00
qa_cot_loss=0.00
qa_sft_tokens=902.20
qa_main_sft_loss=0.00
qa_main_sft_tokens=820.00
qa_relevance_sft_loss=0.00
qa_relevance_sft_tokens=82.20
lr=5.000e-05
[training info] mode=sft epoch=54 step=50/3206 metrics=cnt=40
total_loss=0.00
qa_cot_loss=0.00
qa_sft_tokens=870.72
qa_main_sft_loss=0.00
qa_main_sft_tokens=788.70
qa_relevance_sft_loss=0.00
qa_relevance_sft_tokens=82.02
lr=5.000e-05
[training info] mode=sft epoch=54 step=100/3206 metrics=cnt=50
total_loss=0.00
qa_cot_loss=0.00
qa_sft_tokens=759.98
qa_main_sft_loss=0.00
qa_main_sft_tokens=670.16
qa_relevance_sft_loss=0.00
qa_relevance_sft_tokens=89.82
lr=5.000e-05
[training info] mode=sft epoch=54 step=1000/3206 metrics=cnt=900
total_loss=0.00
qa_cot_loss=0.00
qa_sft_tokens=759.51
qa_main_sft_loss=0.00
qa_main_sft_tokens=668.45
qa_relevance_sft_loss=0.00
qa_relevance_sft_tokens=91.05
lr=5.000e-05
[training info] mode=sft epoch=54 step=2000/3206 metrics=cnt=1000
total_loss=0.00
qa_cot_loss=0.00
qa_sft_tokens=743.24
qa_main_sft_loss=0.00
qa_main_sft_tokens=652.82
qa_relevance_sft_loss=0.00
qa_relevance_sft_tokens=90.41
lr=5.000e-05
[2026-09-06 19:50:48,009] [INFO] [AiScheduler#1] [executor.py:361] execute_once running, len(finish_tasks): [0]
[training info] mode=sft epoch=54 step=3000/3206 metrics=cnt=1000
total_loss=0.00
qa_cot_loss=0.00
qa_sft_tokens=751.25
qa_main_sft_loss=0.00
qa_main_sft_tokens=660.89
qa_relevance_sft_loss=0.00
qa_relevance_sft_tokens=90.36
lr=5.000e-05
[training info] mode=sft epoch=54 step=3205/3206 metrics=cnt=1205
total_loss=0.00
qa_cot_loss=0.00
qa_sft_tokens=752.69
qa_main_sft_loss=0.00
qa_main_sft_tokens=662.16
qa_relevance_sft_loss=0.00
qa_relevance_sft_tokens=90.53
lr=5.000e-05
[BARRIER-PROBE][epoch54_sft_train_end] rank=0 wait=0.00s ok
[dev SFT] epoch=54 dev/qa_cot_loss=1.51019 dev/qa_perplexity=4.5276 dev/qa_sft_tokens=2.9848e+06 dev/qa_main_sft_loss=1.67603 dev/qa_main_perplexity=5.34429 dev/qa_main_sft_tokens=2.66882e+06 dev/qa_relevance_sft_loss=0.10954 dev/qa_relevance_perplexity=1.11576 dev/qa_relevance_sft_tokens=315990 dev/qa_main_token_accuracy=0.80653 dev/qa_relevance_token_accuracy=0.983465
[BARRIER-PROBE][epoch54_sft_after_save] rank=0 wait=0.00s ok
[INFO] start pure SFT epoch=55 num_batch=3206
[training info] mode=sft epoch=55 step=0/3206 metrics=cnt=1
total_loss=0.01
qa_cot_loss=0.01
qa_sft_tokens=467.00
qa_main_sft_loss=0.02
qa_main_sft_tokens=326.00
qa_relevance_sft_loss=0.00
qa_relevance_sft_tokens=141.00
lr=5.000e-05
[training info] mode=sft epoch=55 step=10/3206 metrics=cnt=10
total_loss=0.00
qa_cot_loss=0.00
qa_sft_tokens=705.30
qa_main_sft_loss=0.00
qa_main_sft_tokens=612.90
qa_relevance_sft_loss=0.00
qa_relevance_sft_tokens=92.40
lr=5.000e-05
[training info] mode=sft epoch=55 step=50/3206 metrics=cnt=40
total_loss=0.00
qa_cot_loss=0.00
qa_sft_tokens=769.15
qa_main_sft_loss=0.00
qa_main_sft_tokens=680.12
qa_relevance_sft_loss=0.00
qa_relevance_sft_tokens=89.02
lr=5.000e-05
[training info] mode=sft epoch=55 step=100/3206 metrics=cnt=50
total_loss=0.00
qa_cot_loss=0.00
qa_sft_tokens=732.78
qa_main_sft_loss=0.00
qa_main_sft_tokens=639.82
qa_relevance_sft_loss=0.00
qa_relevance_sft_tokens=92.96
lr=5.000e-05
[training info] mode=sft epoch=55 step=1000/3206 metrics=cnt=900
total_loss=0.00
qa_cot_loss=0.00
qa_sft_tokens=770.66
qa_main_sft_loss=0.00
qa_main_sft_tokens=681.55
qa_relevance_sft_loss=0.00
qa_relevance_sft_tokens=89.11
lr=5.000e-05
[2026-09-06 20:50:51,194] [INFO] [AiScheduler#1] [executor.py:361] execute_once running, len(finish_tasks): [0]
[training info] mode=sft epoch=55 step=2000/3206 metrics=cnt=1000
total_loss=0.00
qa_cot_loss=0.00
qa_sft_tokens=752.21
qa_main_sft_loss=0.00
qa_main_sft_tokens=661.79
qa_relevance_sft_loss=0.00
qa_relevance_sft_tokens=90.42
lr=5.000e-05
[training info] mode=sft epoch=55 step=3000/3206 metrics=cnt=1000
total_loss=0.00
qa_cot_loss=0.00
qa_sft_tokens=775.02
qa_main_sft_loss=0.00
qa_main_sft_tokens=684.78
qa_relevance_sft_loss=0.00
qa_relevance_sft_tokens=90.24
lr=5.000e-05
[training info] mode=sft epoch=55 step=3205/3206 metrics=cnt=1205
total_loss=0.00
qa_cot_loss=0.00
qa_sft_tokens=775.36
qa_main_sft_loss=0.00
qa_main_sft_tokens=685.37
qa_relevance_sft_loss=0.00
qa_relevance_sft_tokens=89.99
lr=5.000e-05
[BARRIER-PROBE][epoch55_sft_train_end] rank=0 wait=0.00s ok
[dev SFT] epoch=55 dev/qa_cot_loss=1.53985 dev/qa_perplexity=4.6639 dev/qa_sft_tokens=2.9848e+06 dev/qa_main_sft_loss=1.70663 dev/qa_main_perplexity=5.51034 dev/qa_main_sft_tokens=2.66882e+06 dev/qa_relevance_sft_loss=0.131298 dev/qa_relevance_perplexity=1.14031 dev/qa_relevance_sft_tokens=315990 dev/qa_main_token_accuracy=0.806742 dev/qa_relevance_token_accuracy=0.982275
[BARRIER-PROBE][epoch55_sft_after_save] rank=0 wait=0.00s ok
[INFO] start pure SFT epoch=56 num_batch=3206
[training info] mode=sft epoch=56 step=0/3206 metrics=cnt=1
total_loss=0.01
qa_cot_loss=0.01
qa_sft_tokens=462.00
qa_main_sft_loss=0.01
qa_main_sft_tokens=362.00
qa_relevance_sft_loss=0.00
qa_relevance_sft_tokens=100.00
lr=5.000e-05
[training info] mode=sft epoch=56 step=10/3206 metrics=cnt=10
total_loss=0.00
qa_cot_loss=0.00
qa_sft_tokens=797.60
qa_main_sft_loss=0.00
qa_main_sft_tokens=696.50
qa_relevance_sft_loss=0.00
qa_relevance_sft_tokens=101.10
lr=5.000e-05
[training info] mode=sft epoch=56 step=50/3206 metrics=cnt=40
total_loss=0.00
qa_cot_loss=0.00
qa_sft_tokens=796.85
qa_main_sft_loss=0.00
qa_main_sft_tokens=712.10
qa_relevance_sft_loss=0.00
qa_relevance_sft_tokens=84.75
lr=5.000e-05
[training info] mode=sft epoch=56 step=100/3206 metrics=cnt=50
total_loss=0.00
qa_cot_loss=0.00
qa_sft_tokens=747.52
qa_main_sft_loss=0.00
qa_main_sft_tokens=659.84
qa_relevance_sft_loss=0.00
qa_relevance_sft_tokens=87.68
lr=5.000e-05
[2026-09-06 21:50:54,371] [INFO] [AiScheduler#1] [executor.py:361] execute_once running, len(finish_tasks): [0]
[training info] mode=sft epoch=56 step=1000/3206 metrics=cnt=900
total_loss=0.00
qa_cot_loss=0.00
qa_sft_tokens=749.19
qa_main_sft_loss=0.00
qa_main_sft_tokens=658.76
qa_relevance_sft_loss=0.00
qa_relevance_sft_tokens=90.43
lr=5.000e-05
[training info] mode=sft epoch=56 step=2000/3206 metrics=cnt=1000
total_loss=0.00
qa_cot_loss=0.00
qa_sft_tokens=741.37
qa_main_sft_loss=0.00
qa_main_sft_tokens=650.13
qa_relevance_sft_loss=0.00
qa_relevance_sft_tokens=91.24
lr=5.000e-05
[2026-09-06 22:50:57,449] [INFO] [AiScheduler#1] [executor.py:361] execute_once running, len(finish_tasks): [0]
[training info] mode=sft epoch=56 step=3000/3206 metrics=cnt=1000
total_loss=0.00
qa_cot_loss=0.00
qa_sft_tokens=761.51
qa_main_sft_loss=0.00
qa_main_sft_tokens=671.19
qa_relevance_sft_loss=0.00
qa_relevance_sft_tokens=90.31
lr=5.000e-05
[training info] mode=sft epoch=56 step=3205/3206 metrics=cnt=1205
total_loss=0.00
qa_cot_loss=0.00
qa_sft_tokens=755.91
qa_main_sft_loss=0.00
qa_main_sft_tokens=664.75
qa_relevance_sft_loss=0.00
qa_relevance_sft_tokens=91.17
lr=5.000e-05
[BARRIER-PROBE][epoch56_sft_train_end] rank=0 wait=0.00s ok
[dev SFT] epoch=56 dev/qa_cot_loss=1.56478 dev/qa_perplexity=4.78163 dev/qa_sft_tokens=2.9848e+06 dev/qa_main_sft_loss=1.73141 dev/qa_main_perplexity=5.64863 dev/qa_main_sft_tokens=2.66882e+06 dev/qa_relevance_sft_loss=0.157433 dev/qa_relevance_perplexity=1.1705 dev/qa_relevance_sft_tokens=315990 dev/qa_main_token_accuracy=0.804777 dev/qa_relevance_token_accuracy=0.976461
[BARRIER-PROBE][epoch56_sft_after_save] rank=0 wait=0.00s ok
[INFO] start pure SFT epoch=57 num_batch=3206
[training info] mode=sft epoch=57 step=0/3206 metrics=cnt=1
total_loss=0.00
qa_cot_loss=0.00
qa_sft_tokens=983.00
qa_main_sft_loss=0.00
qa_main_sft_tokens=907.00
qa_relevance_sft_loss=0.00
qa_relevance_sft_tokens=76.00
lr=5.000e-05
[training info] mode=sft epoch=57 step=10/3206 metrics=cnt=10
total_loss=0.00
qa_cot_loss=0.00
qa_sft_tokens=657.70
qa_main_sft_loss=0.00
qa_main_sft_tokens=568.20
qa_relevance_sft_loss=0.01
qa_relevance_sft_tokens=89.50
lr=5.000e-05
[training info] mode=sft epoch=57 step=50/3206 metrics=cnt=40
total_loss=0.00
qa_cot_loss=0.00
qa_sft_tokens=732.47
qa_main_sft_loss=0.00
qa_main_sft_tokens=640.30
qa_relevance_sft_loss=0.00
qa_relevance_sft_tokens=92.17
lr=5.000e-05
[training info] mode=sft epoch=57 step=100/3206 metrics=cnt=50
total_loss=0.00
qa_cot_loss=0.00
qa_sft_tokens=740.28
qa_main_sft_loss=0.00
qa_main_sft_tokens=649.10
qa_relevance_sft_loss=0.00
qa_relevance_sft_tokens=91.18
lr=5.000e-05
[training info] mode=sft epoch=57 step=1000/3206 metrics=cnt=900
total_loss=0.00
qa_cot_loss=0.00
qa_sft_tokens=763.07
qa_main_sft_loss=0.00
qa_main_sft_tokens=673.90
qa_relevance_sft_loss=0.00
qa_relevance_sft_tokens=89.17
lr=5.000e-05
[2026-09-06 23:51:00,612] [INFO] [AiScheduler#1] [executor.py:361] execute_once running, len(finish_tasks): [0]
[training info] mode=sft epoch=57 step=2000/3206 metrics=cnt=1000
total_loss=0.00
qa_cot_loss=0.00
qa_sft_tokens=754.62
qa_main_sft_loss=0.00
qa_main_sft_tokens=665.50
qa_relevance_sft_loss=0.00
qa_relevance_sft_tokens=89.12
lr=5.000e-05
[training info] mode=sft epoch=57 step=3000/3206 metrics=cnt=1000
total_loss=0.00
qa_cot_loss=0.00
qa_sft_tokens=733.59
qa_main_sft_loss=0.00
qa_main_sft_tokens=641.53
qa_relevance_sft_loss=0.00
qa_relevance_sft_tokens=92.07
lr=5.000e-05
[training info] mode=sft epoch=57 step=3205/3206 metrics=cnt=1205
total_loss=0.00
qa_cot_loss=0.00
qa_sft_tokens=743.20
qa_main_sft_loss=0.00
qa_main_sft_tokens=651.86
qa_relevance_sft_loss=0.00
qa_relevance_sft_tokens=91.35
lr=5.000e-05
[BARRIER-PROBE][epoch57_sft_train_end] rank=0 wait=0.00s ok
[dev SFT] epoch=57 dev/qa_cot_loss=1.52423 dev/qa_perplexity=4.59159 dev/qa_sft_tokens=2.9848e+06 dev/qa_main_sft_loss=1.69039 dev/qa_main_perplexity=5.42159 dev/qa_main_sft_tokens=2.66882e+06 dev/qa_relevance_sft_loss=0.120828 dev/qa_relevance_perplexity=1.12843 dev/qa_relevance_sft_tokens=315990 dev/qa_main_token_accuracy=0.805447 dev/qa_relevance_token_accuracy=0.982164
[BARRIER-PROBE][epoch57_sft_after_save] rank=0 wait=0.00s ok
[INFO] start pure SFT epoch=58 num_batch=3206
[training info] mode=sft epoch=58 step=0/3206 metrics=cnt=1
total_loss=0.00
qa_cot_loss=0.00
qa_sft_tokens=125.00
qa_main_sft_loss=0.00
qa_main_sft_tokens=0.00
qa_relevance_sft_loss=0.00
qa_relevance_sft_tokens=125.00
lr=5.000e-05
[training info] mode=sft epoch=58 step=10/3206 metrics=cnt=10
total_loss=0.00
qa_cot_loss=0.00
qa_sft_tokens=620.80
qa_main_sft_loss=0.00
qa_main_sft_tokens=517.30
qa_relevance_sft_loss=0.00
qa_relevance_sft_tokens=103.50
lr=5.000e-05
[training info] mode=sft epoch=58 step=50/3206 metrics=cnt=40
total_loss=0.00
qa_cot_loss=0.00
qa_sft_tokens=795.42
qa_main_sft_loss=0.00
qa_main_sft_tokens=715.05
qa_relevance_sft_loss=0.00
qa_relevance_sft_tokens=80.37
lr=5.000e-05
[training info] mode=sft epoch=58 step=100/3206 metrics=cnt=50
total_loss=0.00
qa_cot_loss=0.00
qa_sft_tokens=799.38
qa_main_sft_loss=0.00
qa_main_sft_tokens=712.32
qa_relevance_sft_loss=0.00
qa_relevance_sft_tokens=87.06
lr=5.000e-05
[2026-09-07 00:51:03,782] [INFO] [AiScheduler#1] [executor.py:361] execute_once running, len(finish_tasks): [0]
[training info] mode=sft epoch=58 step=1000/3206 metrics=cnt=900
total_loss=0.00
qa_cot_loss=0.00
qa_sft_tokens=754.16
qa_main_sft_loss=0.00
qa_main_sft_tokens=663.95
qa_relevance_sft_loss=0.00
qa_relevance_sft_tokens=90.21
lr=5.000e-05
[training info] mode=sft epoch=58 step=2000/3206 metrics=cnt=1000
total_loss=0.00
qa_cot_loss=0.00
qa_sft_tokens=767.68
qa_main_sft_loss=0.00
qa_main_sft_tokens=677.63
qa_relevance_sft_loss=0.00
qa_relevance_sft_tokens=90.04
lr=5.000e-05
[training info] mode=sft epoch=58 step=3000/3206 metrics=cnt=1000
total_loss=0.00
qa_cot_loss=0.00
qa_sft_tokens=777.12
qa_main_sft_loss=0.00
qa_main_sft_tokens=688.40
qa_relevance_sft_loss=0.00
qa_relevance_sft_tokens=88.72
lr=5.000e-05
[training info] mode=sft epoch=58 step=3205/3206 metrics=cnt=1205
total_loss=0.00
qa_cot_loss=0.00
qa_sft_tokens=769.82
qa_main_sft_loss=0.00
qa_main_sft_tokens=680.86
qa_relevance_sft_loss=0.00
qa_relevance_sft_tokens=88.96
lr=5.000e-05
[BARRIER-PROBE][epoch58_sft_train_end] rank=0 wait=0.01s ok
[2026-09-07 01:51:06,945] [INFO] [AiScheduler#1] [executor.py:361] execute_once running, len(finish_tasks): [0]
[dev SFT] epoch=58 dev/qa_cot_loss=1.53594 dev/qa_perplexity=4.64568 dev/qa_sft_tokens=2.9848e+06 dev/qa_main_sft_loss=1.70242 dev/qa_main_perplexity=5.48722 dev/qa_main_sft_tokens=2.66882e+06 dev/qa_relevance_sft_loss=0.129836 dev/qa_relevance_perplexity=1.13864 dev/qa_relevance_sft_tokens=315990 dev/qa_main_token_accuracy=0.806302 dev/qa_relevance_token_accuracy=0.980243
[BARRIER-PROBE][epoch58_sft_after_save] rank=0 wait=0.00s ok
[INFO] start pure SFT epoch=59 num_batch=3206
[training info] mode=sft epoch=59 step=0/3206 metrics=cnt=1
total_loss=0.00
qa_cot_loss=0.00
qa_sft_tokens=108.00
qa_main_sft_loss=0.00
qa_main_sft_tokens=0.00
qa_relevance_sft_loss=0.00
qa_relevance_sft_tokens=108.00
lr=5.000e-05
[training info] mode=sft epoch=59 step=10/3206 metrics=cnt=10
total_loss=0.00
qa_cot_loss=0.00
qa_sft_tokens=657.70
qa_main_sft_loss=0.00
qa_main_sft_tokens=559.60
qa_relevance_sft_loss=0.00
qa_relevance_sft_tokens=98.10
lr=5.000e-05
[training info] mode=sft epoch=59 step=50/3206 metrics=cnt=40
total_loss=0.00
qa_cot_loss=0.00
qa_sft_tokens=805.37
qa_main_sft_loss=0.00
qa_main_sft_tokens=720.10
qa_relevance_sft_loss=0.00
qa_relevance_sft_tokens=85.27
lr=5.000e-05
[training info] mode=sft epoch=59 step=100/3206 metrics=cnt=50
total_loss=0.00
qa_cot_loss=0.00
qa_sft_tokens=771.86
qa_main_sft_loss=0.00
qa_main_sft_tokens=686.72
qa_relevance_sft_loss=0.00
qa_relevance_sft_tokens=85.14
lr=5.000e-05
[training info] mode=sft epoch=59 step=1000/3206 metrics=cnt=900
total_loss=0.00
qa_cot_loss=0.00
qa_sft_tokens=766.42
qa_main_sft_loss=0.00
qa_main_sft_tokens=676.64
qa_relevance_sft_loss=0.00
qa_relevance_sft_tokens=89.78
lr=5.000e-05
[training info] mode=sft epoch=59 step=2000/3206 metrics=cnt=1000
total_loss=0.00
qa_cot_loss=0.00
qa_sft_tokens=758.37
qa_main_sft_loss=0.00
qa_main_sft_tokens=668.92
qa_relevance_sft_loss=0.00
qa_relevance_sft_tokens=89.45
lr=5.000e-05
[2026-09-07 02:51:09,973] [INFO] [AiScheduler#1] [executor.py:361] execute_once running, len(finish_tasks): [0]
[training info] mode=sft epoch=59 step=3000/3206 metrics=cnt=1000
total_loss=0.00
qa_cot_loss=0.00
qa_sft_tokens=739.24
qa_main_sft_loss=0.00
qa_main_sft_tokens=648.29
qa_relevance_sft_loss=0.00
qa_relevance_sft_tokens=90.96
lr=5.000e-05
[training info] mode=sft epoch=59 step=3205/3206 metrics=cnt=1205
total_loss=0.00
qa_cot_loss=0.00
qa_sft_tokens=736.81
qa_main_sft_loss=0.00
qa_main_sft_tokens=646.13
qa_relevance_sft_loss=0.00
qa_relevance_sft_tokens=90.68
lr=5.000e-05
[BARRIER-PROBE][epoch59_sft_train_end] rank=0 wait=0.02s ok
[dev SFT] epoch=59 dev/qa_cot_loss=1.51373 dev/qa_perplexity=4.54364 dev/qa_sft_tokens=2.9848e+06 dev/qa_main_sft_loss=1.67826 dev/qa_main_perplexity=5.35623 dev/qa_main_sft_tokens=2.66882e+06 dev/qa_relevance_sft_loss=0.124128 dev/qa_relevance_perplexity=1.13216 dev/qa_relevance_sft_tokens=315990 dev/qa_main_token_accuracy=0.803852 dev/qa_relevance_token_accuracy=0.98236
[BARRIER-PROBE][epoch59_sft_after_save] rank=0 wait=0.00s ok
[INFO] start pure SFT epoch=60 num_batch=3206
[training info] mode=sft epoch=60 step=0/3206 metrics=cnt=1
total_loss=0.00
qa_cot_loss=0.00
qa_sft_tokens=386.00
qa_main_sft_loss=0.00
qa_main_sft_tokens=282.00
qa_relevance_sft_loss=0.00
qa_relevance_sft_tokens=104.00
lr=5.000e-05
[training info] mode=sft epoch=60 step=10/3206 metrics=cnt=10
total_loss=0.00
qa_cot_loss=0.00
qa_sft_tokens=543.20
qa_main_sft_loss=0.00
qa_main_sft_tokens=442.80
qa_relevance_sft_loss=0.00
qa_relevance_sft_tokens=100.40
lr=5.000e-05
[training info] mode=sft epoch=60 step=50/3206 metrics=cnt=40
total_loss=0.00
qa_cot_loss=0.00
qa_sft_tokens=753.70
qa_main_sft_loss=0.00
qa_main_sft_tokens=658.17
qa_relevance_sft_loss=0.00
qa_relevance_sft_tokens=95.52
lr=5.000e-05
[training info] mode=sft epoch=60 step=100/3206 metrics=cnt=50
total_loss=0.00
qa_cot_loss=0.00
qa_sft_tokens=728.74
qa_main_sft_loss=0.00
qa_main_sft_tokens=637.34
qa_relevance_sft_loss=0.00
qa_relevance_sft_tokens=91.40
lr=5.000e-05
[training info] mode=sft epoch=60 step=1000/3206 metrics=cnt=900
total_loss=0.00
qa_cot_loss=0.00
qa_sft_tokens=756.16
qa_main_sft_loss=0.00
qa_main_sft_tokens=666.97
qa_relevance_sft_loss=0.00
qa_relevance_sft_tokens=89.19
lr=5.000e-05
[2026-09-07 03:51:13,190] [INFO] [AiScheduler#1] [executor.py:361] execute_once running, len(finish_tasks): [0]
[training info] mode=sft epoch=60 step=2000/3206 metrics=cnt=1000
total_loss=0.00
qa_cot_loss=0.00
qa_sft_tokens=751.39
qa_main_sft_loss=0.00
qa_main_sft_tokens=660.95
qa_relevance_sft_loss=0.00
qa_relevance_sft_tokens=90.44
lr=5.000e-05
[training info] mode=sft epoch=60 step=3000/3206 metrics=cnt=1000
total_loss=0.00
qa_cot_loss=0.00
qa_sft_tokens=759.66
qa_main_sft_loss=0.00
qa_main_sft_tokens=669.56
qa_relevance_sft_loss=0.00
qa_relevance_sft_tokens=90.09
lr=5.000e-05
[training info] mode=sft epoch=60 step=3205/3206 metrics=cnt=1205
total_loss=0.00
qa_cot_loss=0.00
qa_sft_tokens=762.94
qa_main_sft_loss=0.00
qa_main_sft_tokens=673.06
qa_relevance_sft_loss=0.00
qa_relevance_sft_tokens=89.88
lr=5.000e-05
[BARRIER-PROBE][epoch60_sft_train_end] rank=0 wait=0.03s ok
[dev SFT] epoch=60 dev/qa_cot_loss=1.56352 dev/qa_perplexity=4.7756 dev/qa_sft_tokens=2.9848e+06 dev/qa_main_sft_loss=1.73467 dev/qa_main_perplexity=5.66705 dev/qa_main_sft_tokens=2.66882e+06 dev/qa_relevance_sft_loss=0.118009 dev/qa_relevance_perplexity=1.12525 dev/qa_relevance_sft_tokens=315990 dev/qa_main_token_accuracy=0.804693 dev/qa_relevance_token_accuracy=0.983458
[BARRIER-PROBE][epoch60_sft_after_save] rank=0 wait=0.00s ok
[INFO] start pure SFT epoch=61 num_batch=3206
[training info] mode=sft epoch=61 step=0/3206 metrics=cnt=1
total_loss=0.00
qa_cot_loss=0.00
qa_sft_tokens=951.00
qa_main_sft_loss=0.00
qa_main_sft_tokens=897.00
qa_relevance_sft_loss=0.00
qa_relevance_sft_tokens=54.00
lr=5.000e-05
[training info] mode=sft epoch=61 step=10/3206 metrics=cnt=10
total_loss=0.00
qa_cot_loss=0.00
qa_sft_tokens=820.70
qa_main_sft_loss=0.00
qa_main_sft_tokens=740.80
qa_relevance_sft_loss=0.00
qa_relevance_sft_tokens=79.90
lr=5.000e-05
[training info] mode=sft epoch=61 step=50/3206 metrics=cnt=40
total_loss=0.00
qa_cot_loss=0.00
qa_sft_tokens=746.90
qa_main_sft_loss=0.00
qa_main_sft_tokens=654.45
qa_relevance_sft_loss=0.00
qa_relevance_sft_tokens=92.45
lr=5.000e-05
[training info] mode=sft epoch=61 step=100/3206 metrics=cnt=50
total_loss=0.00
qa_cot_loss=0.00
qa_sft_tokens=763.44
qa_main_sft_loss=0.00
qa_main_sft_tokens=673.62
qa_relevance_sft_loss=0.00
qa_relevance_sft_tokens=89.82
lr=5.000e-05
[2026-09-07 04:51:16,316] [INFO] [AiScheduler#1] [executor.py:361] execute_once running, len(finish_tasks): [0]
[training info] mode=sft epoch=61 step=1000/3206 metrics=cnt=900
total_loss=0.00
qa_cot_loss=0.00
qa_sft_tokens=770.53
qa_main_sft_loss=0.00
qa_main_sft_tokens=680.99
qa_relevance_sft_loss=0.00
qa_relevance_sft_tokens=89.54
lr=5.000e-05
[training info] mode=sft epoch=61 step=2000/3206 metrics=cnt=1000
total_loss=0.00
qa_cot_loss=0.00
qa_sft_tokens=764.98
qa_main_sft_loss=0.00
qa_main_sft_tokens=677.14
qa_relevance_sft_loss=0.00
qa_relevance_sft_tokens=87.84
lr=5.000e-05
[training info] mode=sft epoch=61 step=3000/3206 metrics=cnt=1000
total_loss=0.00
qa_cot_loss=0.00
qa_sft_tokens=773.66
qa_main_sft_loss=0.00
qa_main_sft_tokens=684.78
qa_relevance_sft_loss=0.00
qa_relevance_sft_tokens=88.88
lr=5.000e-05
[2026-09-07 05:51:19,332] [INFO] [AiScheduler#1] [executor.py:361] execute_once running, len(finish_tasks): [0]
[training info] mode=sft epoch=61 step=3205/3206 metrics=cnt=1205
total_loss=0.00
qa_cot_loss=0.00
qa_sft_tokens=763.52
qa_main_sft_loss=0.00
qa_main_sft_tokens=673.98
qa_relevance_sft_loss=0.00
qa_relevance_sft_tokens=89.54
lr=5.000e-05
[BARRIER-PROBE][epoch61_sft_train_end] rank=0 wait=0.00s ok
[dev SFT] epoch=61 dev/qa_cot_loss=1.53339 dev/qa_perplexity=4.63387 dev/qa_sft_tokens=2.9848e+06 dev/qa_main_sft_loss=1.70133 dev/qa_main_perplexity=5.48121 dev/qa_main_sft_tokens=2.66882e+06 dev/qa_relevance_sft_loss=0.115041 dev/qa_relevance_perplexity=1.12192 dev/qa_relevance_sft_tokens=315990 dev/qa_main_token_accuracy=0.802493 dev/qa_relevance_token_accuracy=0.982145
[BARRIER-PROBE][epoch61_sft_after_save] rank=0 wait=0.00s ok
[INFO] start pure SFT epoch=62 num_batch=3206
[training info] mode=sft epoch=62 step=0/3206 metrics=cnt=1
total_loss=0.00
qa_cot_loss=0.00
qa_sft_tokens=532.00
qa_main_sft_loss=0.00
qa_main_sft_tokens=470.00
qa_relevance_sft_loss=0.00
qa_relevance_sft_tokens=62.00
lr=5.000e-05
[training info] mode=sft epoch=62 step=10/3206 metrics=cnt=10
total_loss=0.00
qa_cot_loss=0.00
qa_sft_tokens=647.90
qa_main_sft_loss=0.00
qa_main_sft_tokens=548.30
qa_relevance_sft_loss=0.00
qa_relevance_sft_tokens=99.60
lr=5.000e-05
[training info] mode=sft epoch=62 step=50/3206 metrics=cnt=40
total_loss=0.00
qa_cot_loss=0.00
qa_sft_tokens=787.90
qa_main_sft_loss=0.00
qa_main_sft_tokens=699.50
qa_relevance_sft_loss=0.00
qa_relevance_sft_tokens=88.40
lr=5.000e-05
[training info] mode=sft epoch=62 step=100/3206 metrics=cnt=50
total_loss=0.00
qa_cot_loss=0.00
qa_sft_tokens=716.08
qa_main_sft_loss=0.00
qa_main_sft_tokens=619.84
qa_relevance_sft_loss=0.00
qa_relevance_sft_tokens=96.24
lr=5.000e-05
[training info] mode=sft epoch=62 step=1000/3206 metrics=cnt=900
total_loss=0.00
qa_cot_loss=0.00
qa_sft_tokens=739.30
qa_main_sft_loss=0.00
qa_main_sft_tokens=647.77
qa_relevance_sft_loss=0.00
qa_relevance_sft_tokens=91.53
lr=5.000e-05
[training info] mode=sft epoch=62 step=2000/3206 metrics=cnt=1000
total_loss=0.00
qa_cot_loss=0.00
qa_sft_tokens=747.39
qa_main_sft_loss=0.00
qa_main_sft_tokens=656.01
qa_relevance_sft_loss=0.00
qa_relevance_sft_tokens=91.38
lr=5.000e-05
[2026-09-07 06:51:22,388] [INFO] [AiScheduler#1] [executor.py:361] execute_once running, len(finish_tasks): [0]
[training info] mode=sft epoch=62 step=3000/3206 metrics=cnt=1000
total_loss=0.00
qa_cot_loss=0.00
qa_sft_tokens=746.07
qa_main_sft_loss=0.00
qa_main_sft_tokens=655.40
qa_relevance_sft_loss=0.00
qa_relevance_sft_tokens=90.67
lr=5.000e-05
[training info] mode=sft epoch=62 step=3205/3206 metrics=cnt=1205
total_loss=0.00
qa_cot_loss=0.00
qa_sft_tokens=755.39
qa_main_sft_loss=0.00
qa_main_sft_tokens=665.30
qa_relevance_sft_loss=0.00
qa_relevance_sft_tokens=90.08
lr=5.000e-05
[BARRIER-PROBE][epoch62_sft_train_end] rank=0 wait=0.00s ok
[dev SFT] epoch=62 dev/qa_cot_loss=1.58718 dev/qa_perplexity=4.88996 dev/qa_sft_tokens=2.9848e+06 dev/qa_main_sft_loss=1.76032 dev/qa_main_perplexity=5.81432 dev/qa_main_sft_tokens=2.66882e+06 dev/qa_relevance_sft_loss=0.124868 dev/qa_relevance_perplexity=1.133 dev/qa_relevance_sft_tokens=315990 dev/qa_main_token_accuracy=0.804846 dev/qa_relevance_token_accuracy=0.98242
[BARRIER-PROBE][epoch62_sft_after_save] rank=0 wait=0.00s ok
[INFO] start pure SFT epoch=63 num_batch=3206
[training info] mode=sft epoch=63 step=0/3206 metrics=cnt=1
total_loss=0.00
qa_cot_loss=0.00
qa_sft_tokens=1816.00
qa_main_sft_loss=0.00
qa_main_sft_tokens=1770.00
qa_relevance_sft_loss=0.00
qa_relevance_sft_tokens=46.00
lr=5.000e-05
[training info] mode=sft epoch=63 step=10/3206 metrics=cnt=10
total_loss=0.00
qa_cot_loss=0.00
qa_sft_tokens=844.20
qa_main_sft_loss=0.00
qa_main_sft_tokens=752.60
qa_relevance_sft_loss=0.00
qa_relevance_sft_tokens=91.60
lr=5.000e-05
[training info] mode=sft epoch=63 step=50/3206 metrics=cnt=40
total_loss=0.00
qa_cot_loss=0.00
qa_sft_tokens=766.25
qa_main_sft_loss=0.00
qa_main_sft_tokens=681.50
qa_relevance_sft_loss=0.00
qa_relevance_sft_tokens=84.75
lr=5.000e-05
[training info] mode=sft epoch=63 step=100/3206 metrics=cnt=50
total_loss=0.00
qa_cot_loss=0.00
qa_sft_tokens=819.38
qa_main_sft_loss=0.00
qa_main_sft_tokens=734.56
qa_relevance_sft_loss=0.00
qa_relevance_sft_tokens=84.82
lr=5.000e-05
[training info] mode=sft epoch=63 step=1000/3206 metrics=cnt=900
total_loss=0.00
qa_cot_loss=0.00
qa_sft_tokens=771.15
qa_main_sft_loss=0.00
qa_main_sft_tokens=682.40
qa_relevance_sft_loss=0.00
qa_relevance_sft_tokens=88.76
lr=5.000e-05
[2026-09-07 07:51:25,456] [INFO] [AiScheduler#1] [executor.py:361] execute_once running, len(finish_tasks): [0]
[training info] mode=sft epoch=63 step=2000/3206 metrics=cnt=1000
total_loss=0.00
qa_cot_loss=0.00
qa_sft_tokens=772.91
qa_main_sft_loss=0.00
qa_main_sft_tokens=683.24
qa_relevance_sft_loss=0.00
qa_relevance_sft_tokens=89.67
lr=5.000e-05
[training info] mode=sft epoch=63 step=3000/3206 metrics=cnt=1000
total_loss=0.00
qa_cot_loss=0.00
qa_sft_tokens=754.44
qa_main_sft_loss=0.00
qa_main_sft_tokens=662.23
qa_relevance_sft_loss=0.00
qa_relevance_sft_tokens=92.21
lr=5.000e-05
[training info] mode=sft epoch=63 step=3205/3206 metrics=cnt=1205
total_loss=0.00
qa_cot_loss=0.00
qa_sft_tokens=756.29
qa_main_sft_loss=0.00
qa_main_sft_tokens=665.36
qa_relevance_sft_loss=0.00
qa_relevance_sft_tokens=90.94
lr=5.000e-05
[BARRIER-PROBE][epoch63_sft_train_end] rank=0 wait=0.01s ok
[dev SFT] epoch=63 dev/qa_cot_loss=1.57534 dev/qa_perplexity=4.83239 dev/qa_sft_tokens=2.9848e+06 dev/qa_main_sft_loss=1.74594 dev/qa_main_perplexity=5.73127 dev/qa_main_sft_tokens=2.66882e+06 dev/qa_relevance_sft_loss=0.134509 dev/qa_relevance_perplexity=1.14397 dev/qa_relevance_sft_tokens=315990 dev/qa_main_token_accuracy=0.803152 dev/qa_relevance_token_accuracy=0.98287
[BARRIER-PROBE][epoch63_sft_after_save] rank=0 wait=0.00s ok
[INFO] start pure SFT epoch=64 num_batch=3206
[training info] mode=sft epoch=64 step=0/3206 metrics=cnt=1
total_loss=0.00
qa_cot_loss=0.00
qa_sft_tokens=711.00
qa_main_sft_loss=0.00
qa_main_sft_tokens=654.00
qa_relevance_sft_loss=0.00
qa_relevance_sft_tokens=57.00
lr=5.000e-05
[training info] mode=sft epoch=64 step=10/3206 metrics=cnt=10
total_loss=0.00
qa_cot_loss=0.00
qa_sft_tokens=722.40
qa_main_sft_loss=0.00
qa_main_sft_tokens=628.80
qa_relevance_sft_loss=0.00
qa_relevance_sft_tokens=93.60
lr=5.000e-05
[training info] mode=sft epoch=64 step=50/3206 metrics=cnt=40
total_loss=0.00
qa_cot_loss=0.00
qa_sft_tokens=711.25
qa_main_sft_loss=0.00
qa_main_sft_tokens=615.55
qa_relevance_sft_loss=0.00
qa_relevance_sft_tokens=95.70
lr=5.000e-05
[training info] mode=sft epoch=64 step=100/3206 metrics=cnt=50
total_loss=0.00
qa_cot_loss=0.00
qa_sft_tokens=639.60
qa_main_sft_loss=0.00
qa_main_sft_tokens=541.24
qa_relevance_sft_loss=0.00
qa_relevance_sft_tokens=98.36
lr=5.000e-05
[2026-09-07 08:51:28,594] [INFO] [AiScheduler#1] [executor.py:361] execute_once running, len(finish_tasks): [0]
[training info] mode=sft epoch=64 step=1000/3206 metrics=cnt=900
total_loss=0.00
qa_cot_loss=0.00
qa_sft_tokens=758.51
qa_main_sft_loss=0.00
qa_main_sft_tokens=668.07
qa_relevance_sft_loss=0.00
qa_relevance_sft_tokens=90.44
lr=5.000e-05
[training info] mode=sft epoch=64 step=2000/3206 metrics=cnt=1000
total_loss=0.00
qa_cot_loss=0.00
qa_sft_tokens=740.91
qa_main_sft_loss=0.00
qa_main_sft_tokens=651.18
qa_relevance_sft_loss=0.00
qa_relevance_sft_tokens=89.73
lr=5.000e-05
[2026-09-07 09:51:31,648] [INFO] [AiScheduler#1] [executor.py:361] execute_once running, len(finish_tasks): [0]
[training info] mode=sft epoch=64 step=3000/3206 metrics=cnt=1000
total_loss=0.00
qa_cot_loss=0.00
qa_sft_tokens=770.33
qa_main_sft_loss=0.00
qa_main_sft_tokens=681.07
qa_relevance_sft_loss=0.00
qa_relevance_sft_tokens=89.26
lr=5.000e-05
[training info] mode=sft epoch=64 step=3205/3206 metrics=cnt=1205
total_loss=0.00
qa_cot_loss=0.00
qa_sft_tokens=766.06
qa_main_sft_loss=0.00
qa_main_sft_tokens=676.87
qa_relevance_sft_loss=0.00
qa_relevance_sft_tokens=89.19
lr=5.000e-05
[BARRIER-PROBE][epoch64_sft_train_end] rank=0 wait=0.01s ok
[dev SFT] epoch=64 dev/qa_cot_loss=1.57915 dev/qa_perplexity=4.85084 dev/qa_sft_tokens=2.9848e+06 dev/qa_main_sft_loss=1.75066 dev/qa_main_perplexity=5.75839 dev/qa_main_sft_tokens=2.66882e+06 dev/qa_relevance_sft_loss=0.130628 dev/qa_relevance_perplexity=1.13954 dev/qa_relevance_sft_tokens=315990 dev/qa_main_token_accuracy=0.804737 dev/qa_relevance_token_accuracy=0.983528
[BARRIER-PROBE][epoch64_sft_after_save] rank=0 wait=0.00s ok
[INFO] start pure SFT epoch=65 num_batch=3206
[training info] mode=sft epoch=65 step=0/3206 metrics=cnt=1
total_loss=0.00
qa_cot_loss=0.00
qa_sft_tokens=763.00
qa_main_sft_loss=0.00
qa_main_sft_tokens=668.00
qa_relevance_sft_loss=0.00
qa_relevance_sft_tokens=95.00
lr=5.000e-05
[training info] mode=sft epoch=65 step=10/3206 metrics=cnt=10
total_loss=0.00
qa_cot_loss=0.00
qa_sft_tokens=690.60
qa_main_sft_loss=0.00
qa_main_sft_tokens=591.60
qa_relevance_sft_loss=0.00
qa_relevance_sft_tokens=99.00
lr=5.000e-05
[training info] mode=sft epoch=65 step=50/3206 metrics=cnt=40
total_loss=0.00
qa_cot_loss=0.00
qa_sft_tokens=695.27
qa_main_sft_loss=0.00
qa_main_sft_tokens=607.72
qa_relevance_sft_loss=0.00
qa_relevance_sft_tokens=87.55
lr=5.000e-05
[training info] mode=sft epoch=65 step=100/3206 metrics=cnt=50
total_loss=0.00
qa_cot_loss=0.00
qa_sft_tokens=672.94
qa_main_sft_loss=0.00
qa_main_sft_tokens=580.10
qa_relevance_sft_loss=0.00
qa_relevance_sft_tokens=92.84
lr=5.000e-05
[training info] mode=sft epoch=65 step=1000/3206 metrics=cnt=900
total_loss=0.00
qa_cot_loss=0.00
qa_sft_tokens=756.05
qa_main_sft_loss=0.00
qa_main_sft_tokens=666.46
qa_relevance_sft_loss=0.00
qa_relevance_sft_tokens=89.59
lr=5.000e-05
[2026-09-07 10:51:34,737] [INFO] [AiScheduler#1] [executor.py:361] execute_once running, len(finish_tasks): [0]
[training info] mode=sft epoch=65 step=2000/3206 metrics=cnt=1000
total_loss=0.00
qa_cot_loss=0.00
qa_sft_tokens=745.20
qa_main_sft_loss=0.00
qa_main_sft_tokens=654.35
qa_relevance_sft_loss=0.00
qa_relevance_sft_tokens=90.85
lr=5.000e-05
[training info] mode=sft epoch=65 step=3000/3206 metrics=cnt=1000
total_loss=0.00
qa_cot_loss=0.00
qa_sft_tokens=781.29
qa_main_sft_loss=0.00
qa_main_sft_tokens=692.22
qa_relevance_sft_loss=0.00
qa_relevance_sft_tokens=89.07
lr=5.000e-05
[training info] mode=sft epoch=65 step=3205/3206 metrics=cnt=1205
total_loss=0.00
qa_cot_loss=0.00
qa_sft_tokens=773.05
qa_main_sft_loss=0.00
qa_main_sft_tokens=683.53
qa_relevance_sft_loss=0.00
qa_relevance_sft_tokens=89.52
lr=5.000e-05
[BARRIER-PROBE][epoch65_sft_train_end] rank=0 wait=0.01s ok
[dev SFT] epoch=65 dev/qa_cot_loss=1.55952 dev/qa_perplexity=4.75654 dev/qa_sft_tokens=2.9848e+06 dev/qa_main_sft_loss=1.72673 dev/qa_main_perplexity=5.62226 dev/qa_main_sft_tokens=2.66882e+06 dev/qa_relevance_sft_loss=0.147268 dev/qa_relevance_perplexity=1.15866 dev/qa_relevance_sft_tokens=315990 dev/qa_main_token_accuracy=0.804547 dev/qa_relevance_token_accuracy=0.978313
[BARRIER-PROBE][epoch65_sft_after_save] rank=0 wait=0.00s ok
[INFO] start pure SFT epoch=66 num_batch=3206
[training info] mode=sft epoch=66 step=0/3206 metrics=cnt=1
total_loss=0.01
qa_cot_loss=0.01
qa_sft_tokens=1271.00
qa_main_sft_loss=0.01
qa_main_sft_tokens=1202.00
qa_relevance_sft_loss=0.00
qa_relevance_sft_tokens=69.00
lr=5.000e-05
[training info] mode=sft epoch=66 step=10/3206 metrics=cnt=10
total_loss=0.00
qa_cot_loss=0.00
qa_sft_tokens=896.90
qa_main_sft_loss=0.00
qa_main_sft_tokens=817.80
qa_relevance_sft_loss=0.00
qa_relevance_sft_tokens=79.10
lr=5.000e-05
[training info] mode=sft epoch=66 step=50/3206 metrics=cnt=40
total_loss=0.00
qa_cot_loss=0.00
qa_sft_tokens=687.07
qa_main_sft_loss=0.00
qa_main_sft_tokens=594.70
qa_relevance_sft_loss=0.00
qa_relevance_sft_tokens=92.37
lr=5.000e-05
[training info] mode=sft epoch=66 step=100/3206 metrics=cnt=50
total_loss=0.00
qa_cot_loss=0.00
qa_sft_tokens=830.02
qa_main_sft_loss=0.00
qa_main_sft_tokens=747.28
qa_relevance_sft_loss=0.00
qa_relevance_sft_tokens=82.74
lr=5.000e-05
[training info] mode=sft epoch=66 step=1000/3206 metrics=cnt=900
total_loss=0.00
qa_cot_loss=0.00
qa_sft_tokens=747.64
qa_main_sft_loss=0.00
qa_main_sft_tokens=656.25
qa_relevance_sft_loss=0.00
qa_relevance_sft_tokens=91.39
lr=5.000e-05
[2026-09-07 11:51:37,870] [INFO] [AiScheduler#1] [executor.py:361] execute_once running, len(finish_tasks): [0]
[training info] mode=sft epoch=66 step=2000/3206 metrics=cnt=1000
total_loss=0.00
qa_cot_loss=0.00
qa_sft_tokens=762.06
qa_main_sft_loss=0.00
qa_main_sft_tokens=672.72
qa_relevance_sft_loss=0.00
qa_relevance_sft_tokens=89.33
lr=5.000e-05
[training info] mode=sft epoch=66 step=3000/3206 metrics=cnt=1000
total_loss=0.00
qa_cot_loss=0.00
qa_sft_tokens=757.97
qa_main_sft_loss=0.00
qa_main_sft_tokens=669.84
qa_relevance_sft_loss=0.00
qa_relevance_sft_tokens=88.13
lr=5.000e-05
[training info] mode=sft epoch=66 step=3205/3206 metrics=cnt=1205
total_loss=0.00
qa_cot_loss=0.00
qa_sft_tokens=757.00
qa_main_sft_loss=0.00
qa_main_sft_tokens=669.05
qa_relevance_sft_loss=0.00
qa_relevance_sft_tokens=87.95
lr=5.000e-05
[BARRIER-PROBE][epoch66_sft_train_end] rank=0 wait=0.02s ok
[dev SFT] epoch=66 dev/qa_cot_loss=1.6245 dev/qa_perplexity=5.07588 dev/qa_sft_tokens=2.9848e+06 dev/qa_main_sft_loss=1.80095 dev/qa_main_perplexity=6.05541 dev/qa_main_sft_tokens=2.66882e+06 dev/qa_relevance_sft_loss=0.1342 dev/qa_relevance_perplexity=1.14362 dev/qa_relevance_sft_tokens=315990 dev/qa_main_token_accuracy=0.805072 dev/qa_relevance_token_accuracy=0.982765
[BARRIER-PROBE][epoch66_sft_after_save] rank=0 wait=0.00s ok
[INFO] start pure SFT epoch=67 num_batch=3206
[training info] mode=sft epoch=67 step=0/3206 metrics=cnt=1
total_loss=0.00
qa_cot_loss=0.00
qa_sft_tokens=374.00
qa_main_sft_loss=0.00
qa_main_sft_tokens=252.00
qa_relevance_sft_loss=0.00
qa_relevance_sft_tokens=122.00
lr=5.000e-05
[training info] mode=sft epoch=67 step=10/3206 metrics=cnt=10
total_loss=0.01
qa_cot_loss=0.01
qa_sft_tokens=631.10
qa_main_sft_loss=0.01
qa_main_sft_tokens=526.00
qa_relevance_sft_loss=0.00
qa_relevance_sft_tokens=105.10
lr=5.000e-05
[training info] mode=sft epoch=67 step=50/3206 metrics=cnt=40
total_loss=0.00
qa_cot_loss=0.00
qa_sft_tokens=782.70
qa_main_sft_loss=0.00
qa_main_sft_tokens=695.25
qa_relevance_sft_loss=0.00
qa_relevance_sft_tokens=87.45
lr=5.000e-05
[training info] mode=sft epoch=67 step=100/3206 metrics=cnt=50
total_loss=0.00
qa_cot_loss=0.00
qa_sft_tokens=753.48
qa_main_sft_loss=0.00
qa_main_sft_tokens=666.64
qa_relevance_sft_loss=0.00
qa_relevance_sft_tokens=86.84
lr=5.000e-05
[2026-09-07 12:51:41,056] [INFO] [AiScheduler#1] [executor.py:361] execute_once running, len(finish_tasks): [0]
[training info] mode=sft epoch=67 step=1000/3206 metrics=cnt=900
total_loss=0.00
qa_cot_loss=0.00
qa_sft_tokens=756.55
qa_main_sft_loss=0.00
qa_main_sft_tokens=666.65
qa_relevance_sft_loss=0.00
qa_relevance_sft_tokens=89.90
lr=5.000e-05
[training info] mode=sft epoch=67 step=2000/3206 metrics=cnt=1000
total_loss=0.00
qa_cot_loss=0.00
qa_sft_tokens=765.82
qa_main_sft_loss=0.00
qa_main_sft_tokens=676.44
qa_relevance_sft_loss=0.00
qa_relevance_sft_tokens=89.38
lr=5.000e-05
[2026-09-07 13:51:44,281] [INFO] [AiScheduler#1] [executor.py:361] execute_once running, len(finish_tasks): [0]
[training info] mode=sft epoch=67 step=3000/3206 metrics=cnt=1000
total_loss=0.00
qa_cot_loss=0.00
qa_sft_tokens=758.08
qa_main_sft_loss=0.00
qa_main_sft_tokens=668.22
qa_relevance_sft_loss=0.00
qa_relevance_sft_tokens=89.86
lr=5.000e-05
[training info] mode=sft epoch=67 step=3205/3206 metrics=cnt=1205
total_loss=0.00
qa_cot_loss=0.00
qa_sft_tokens=760.65
qa_main_sft_loss=0.00
qa_main_sft_tokens=670.77
qa_relevance_sft_loss=0.00
qa_relevance_sft_tokens=89.87
lr=5.000e-05
[BARRIER-PROBE][epoch67_sft_train_end] rank=0 wait=0.00s ok
[dev SFT] epoch=67 dev/qa_cot_loss=1.57075 dev/qa_perplexity=4.81025 dev/qa_sft_tokens=2.9848e+06 dev/qa_main_sft_loss=1.74298 dev/qa_main_perplexity=5.71434 dev/qa_main_sft_tokens=2.66882e+06 dev/qa_relevance_sft_loss=0.116109 dev/qa_relevance_perplexity=1.12312 dev/qa_relevance_sft_tokens=315990 dev/qa_main_token_accuracy=0.801072 dev/qa_relevance_token_accuracy=0.982528
[BARRIER-PROBE][epoch67_sft_after_save] rank=0 wait=0.00s ok
[INFO] start pure SFT epoch=68 num_batch=3206
[training info] mode=sft epoch=68 step=0/3206 metrics=cnt=1
total_loss=0.00
qa_cot_loss=0.00
qa_sft_tokens=882.00
qa_main_sft_loss=0.00
qa_main_sft_tokens=787.00
qa_relevance_sft_loss=0.00
qa_relevance_sft_tokens=95.00
lr=5.000e-05
[training info] mode=sft epoch=68 step=10/3206 metrics=cnt=10
total_loss=0.00
qa_cot_loss=0.00
qa_sft_tokens=701.60
qa_main_sft_loss=0.00
qa_main_sft_tokens=624.50
qa_relevance_sft_loss=0.00
qa_relevance_sft_tokens=77.10
lr=5.000e-05
[training info] mode=sft epoch=68 step=50/3206 metrics=cnt=40
total_loss=0.00
qa_cot_loss=0.00
qa_sft_tokens=720.00
qa_main_sft_loss=0.00
qa_main_sft_tokens=629.05
qa_relevance_sft_loss=0.00
qa_relevance_sft_tokens=90.95
lr=5.000e-05
[training info] mode=sft epoch=68 step=100/3206 metrics=cnt=50
total_loss=0.00
qa_cot_loss=0.00
qa_sft_tokens=766.12
qa_main_sft_loss=0.00
qa_main_sft_tokens=675.80
qa_relevance_sft_loss=0.00
qa_relevance_sft_tokens=90.32
lr=5.000e-05
[training info] mode=sft epoch=68 step=1000/3206 metrics=cnt=900
total_loss=0.00
qa_cot_loss=0.00
qa_sft_tokens=751.39
qa_main_sft_loss=0.00
qa_main_sft_tokens=660.38
qa_relevance_sft_loss=0.00
qa_relevance_sft_tokens=91.00
lr=5.000e-05
[2026-09-07 14:51:47,306] [INFO] [AiScheduler#1] [executor.py:361] execute_once running, len(finish_tasks): [0]
[training info] mode=sft epoch=68 step=2000/3206 metrics=cnt=1000
total_loss=0.00
qa_cot_loss=0.00
qa_sft_tokens=778.19
qa_main_sft_loss=0.00
qa_main_sft_tokens=690.16
qa_relevance_sft_loss=0.00
qa_relevance_sft_tokens=88.03
lr=5.000e-05
[training info] mode=sft epoch=68 step=3000/3206 metrics=cnt=1000
total_loss=0.00
qa_cot_loss=0.00
qa_sft_tokens=749.58
qa_main_sft_loss=0.00
qa_main_sft_tokens=659.53
qa_relevance_sft_loss=0.00
qa_relevance_sft_tokens=90.05
lr=5.000e-05
[training info] mode=sft epoch=68 step=3205/3206 metrics=cnt=1205
total_loss=0.00
qa_cot_loss=0.00
qa_sft_tokens=754.82
qa_main_sft_loss=0.00
qa_main_sft_tokens=664.46
qa_relevance_sft_loss=0.00
qa_relevance_sft_tokens=90.36
lr=5.000e-05
[BARRIER-PROBE][epoch68_sft_train_end] rank=0 wait=0.00s ok
[dev SFT] epoch=68 dev/qa_cot_loss=1.66042 dev/qa_perplexity=5.26151 dev/qa_sft_tokens=2.9848e+06 dev/qa_main_sft_loss=1.84071 dev/qa_main_perplexity=6.30103 dev/qa_main_sft_tokens=2.66882e+06 dev/qa_relevance_sft_loss=0.137666 dev/qa_relevance_perplexity=1.14759 dev/qa_relevance_sft_tokens=315990 dev/qa_main_token_accuracy=0.804076 dev/qa_relevance_token_accuracy=0.982515
[BARRIER-PROBE][epoch68_sft_after_save] rank=0 wait=0.00s ok
[INFO] start pure SFT epoch=69 num_batch=3206
[training info] mode=sft epoch=69 step=0/3206 metrics=cnt=1
total_loss=0.00
qa_cot_loss=0.00
qa_sft_tokens=1185.00
qa_main_sft_loss=0.00
qa_main_sft_tokens=1112.00
qa_relevance_sft_loss=0.00
qa_relevance_sft_tokens=73.00
lr=5.000e-05
[training info] mode=sft epoch=69 step=10/3206 metrics=cnt=10
total_loss=0.00
qa_cot_loss=0.00
qa_sft_tokens=762.60
qa_main_sft_loss=0.01
qa_main_sft_tokens=676.40
qa_relevance_sft_loss=0.00
qa_relevance_sft_tokens=86.20
lr=5.000e-05
[training info] mode=sft epoch=69 step=50/3206 metrics=cnt=40
total_loss=0.00
qa_cot_loss=0.00
qa_sft_tokens=874.95
qa_main_sft_loss=0.00
qa_main_sft_tokens=792.55
qa_relevance_sft_loss=0.00
qa_relevance_sft_tokens=82.40
lr=5.000e-05
[training info] mode=sft epoch=69 step=100/3206 metrics=cnt=50
total_loss=0.00
qa_cot_loss=0.00
qa_sft_tokens=746.62
qa_main_sft_loss=0.00
qa_main_sft_tokens=659.40
qa_relevance_sft_loss=0.00
qa_relevance_sft_tokens=87.22
lr=5.000e-05
[2026-09-07 15:51:50,497] [INFO] [AiScheduler#1] [executor.py:361] execute_once running, len(finish_tasks): [0]
[training info] mode=sft epoch=69 step=1000/3206 metrics=cnt=900
total_loss=0.00
qa_cot_loss=0.00
qa_sft_tokens=778.55
qa_main_sft_loss=0.00
qa_main_sft_tokens=688.33
qa_relevance_sft_loss=0.00
qa_relevance_sft_tokens=90.22
lr=5.000e-05
[training info] mode=sft epoch=69 step=2000/3206 metrics=cnt=1000
total_loss=0.00
qa_cot_loss=0.00
qa_sft_tokens=762.00
qa_main_sft_loss=0.00
qa_main_sft_tokens=672.27
qa_relevance_sft_loss=0.00
qa_relevance_sft_tokens=89.73
lr=5.000e-05
[training info] mode=sft epoch=69 step=3000/3206 metrics=cnt=1000
total_loss=0.00
qa_cot_loss=0.00
qa_sft_tokens=742.47
qa_main_sft_loss=0.00
qa_main_sft_tokens=651.89
qa_relevance_sft_loss=0.00
qa_relevance_sft_tokens=90.58
lr=5.000e-05
[2026-09-07 16:51:53,622] [INFO] [AiScheduler#1] [executor.py:361] execute_once running, len(finish_tasks): [0]
[training info] mode=sft epoch=69 step=3205/3206 metrics=cnt=1205
total_loss=0.00
qa_cot_loss=0.00
qa_sft_tokens=744.95
qa_main_sft_loss=0.00
qa_main_sft_tokens=654.43
qa_relevance_sft_loss=0.00
qa_relevance_sft_tokens=90.52
lr=5.000e-05
[BARRIER-PROBE][epoch69_sft_train_end] rank=0 wait=0.00s ok
[dev SFT] epoch=69 dev/qa_cot_loss=1.59595 dev/qa_perplexity=4.93299 dev/qa_sft_tokens=2.9848e+06 dev/qa_main_sft_loss=1.76941 dev/qa_main_perplexity=5.86738 dev/qa_main_sft_tokens=2.66882e+06 dev/qa_relevance_sft_loss=0.130898 dev/qa_relevance_perplexity=1.13985 dev/qa_relevance_sft_tokens=315990 dev/qa_main_token_accuracy=0.804198 dev/qa_relevance_token_accuracy=0.981908
[BARRIER-PROBE][epoch69_sft_after_save] rank=0 wait=0.00s ok
[INFO] start pure SFT epoch=70 num_batch=3206
[training info] mode=sft epoch=70 step=0/3206 metrics=cnt=1
total_loss=0.00
qa_cot_loss=0.00
qa_sft_tokens=496.00
qa_main_sft_loss=0.00
qa_main_sft_tokens=396.00
qa_relevance_sft_loss=0.00
qa_relevance_sft_tokens=100.00
lr=5.000e-05
[training info] mode=sft epoch=70 step=10/3206 metrics=cnt=10
total_loss=0.00
qa_cot_loss=0.00
qa_sft_tokens=885.70
qa_main_sft_loss=0.01
qa_main_sft_tokens=798.70
qa_relevance_sft_loss=0.00
qa_relevance_sft_tokens=87.00
lr=5.000e-05
[training info] mode=sft epoch=70 step=50/3206 metrics=cnt=40
total_loss=0.00
qa_cot_loss=0.00
qa_sft_tokens=695.00
qa_main_sft_loss=0.00
qa_main_sft_tokens=600.72
qa_relevance_sft_loss=0.00
qa_relevance_sft_tokens=94.27
lr=5.000e-05
[training info] mode=sft epoch=70 step=100/3206 metrics=cnt=50
total_loss=0.00
qa_cot_loss=0.00
qa_sft_tokens=742.94
qa_main_sft_loss=0.00
qa_main_sft_tokens=652.90
qa_relevance_sft_loss=0.00
qa_relevance_sft_tokens=90.04
lr=5.000e-05
[training info] mode=sft epoch=70 step=1000/3206 metrics=cnt=900
total_loss=0.00
qa_cot_loss=0.00
qa_sft_tokens=753.66
qa_main_sft_loss=0.00
qa_main_sft_tokens=662.36
qa_relevance_sft_loss=0.00
qa_relevance_sft_tokens=91.30
lr=5.000e-05
[training info] mode=sft epoch=70 step=2000/3206 metrics=cnt=1000
total_loss=0.00
qa_cot_loss=0.00
qa_sft_tokens=735.78
qa_main_sft_loss=0.00
qa_main_sft_tokens=643.14
qa_relevance_sft_loss=0.00
qa_relevance_sft_tokens=92.64
lr=5.000e-05
[2026-09-07 17:51:56,806] [INFO] [AiScheduler#1] [executor.py:361] execute_once running, len(finish_tasks): [0]
[training info] mode=sft epoch=70 step=3000/3206 metrics=cnt=1000
total_loss=0.00
qa_cot_loss=0.00
qa_sft_tokens=772.10
qa_main_sft_loss=0.00
qa_main_sft_tokens=683.38
qa_relevance_sft_loss=0.00
qa_relevance_sft_tokens=88.72
lr=5.000e-05
[training info] mode=sft epoch=70 step=3205/3206 metrics=cnt=1205
total_loss=0.00
qa_cot_loss=0.00
qa_sft_tokens=768.57
qa_main_sft_loss=0.00
qa_main_sft_tokens=679.80
qa_relevance_sft_loss=0.00
qa_relevance_sft_tokens=88.77
lr=5.000e-05
[BARRIER-PROBE][epoch70_sft_train_end] rank=0 wait=0.00s ok
[dev SFT] epoch=70 dev/qa_cot_loss=1.64084 dev/qa_perplexity=5.15951 dev/qa_sft_tokens=2.9848e+06 dev/qa_main_sft_loss=1.81736 dev/qa_main_perplexity=6.15557 dev/qa_main_sft_tokens=2.66882e+06 dev/qa_relevance_sft_loss=0.150014 dev/qa_relevance_perplexity=1.16185 dev/qa_relevance_sft_tokens=315990 dev/qa_main_token_accuracy=0.802599 dev/qa_relevance_token_accuracy=0.982104
[BARRIER-PROBE][epoch70_sft_after_save] rank=0 wait=0.00s ok
[INFO] start pure SFT epoch=71 num_batch=3206
[training info] mode=sft epoch=71 step=0/3206 metrics=cnt=1
total_loss=0.00
qa_cot_loss=0.00
qa_sft_tokens=293.00
qa_main_sft_loss=0.00
qa_main_sft_tokens=227.00
qa_relevance_sft_loss=0.00
qa_relevance_sft_tokens=66.00
lr=5.000e-05
[training info] mode=sft epoch=71 step=10/3206 metrics=cnt=10
total_loss=0.00
qa_cot_loss=0.00
qa_sft_tokens=638.90
qa_main_sft_loss=0.00
qa_main_sft_tokens=540.90
qa_relevance_sft_loss=0.00
qa_relevance_sft_tokens=98.00
lr=5.000e-05
[training info] mode=sft epoch=71 step=50/3206 metrics=cnt=40
total_loss=0.00
qa_cot_loss=0.00
qa_sft_tokens=770.42
qa_main_sft_loss=0.00
qa_main_sft_tokens=681.27
qa_relevance_sft_loss=0.00
qa_relevance_sft_tokens=89.15
lr=5.000e-05
[training info] mode=sft epoch=71 step=100/3206 metrics=cnt=50
total_loss=0.00
qa_cot_loss=0.00
qa_sft_tokens=779.54
qa_main_sft_loss=0.00
qa_main_sft_tokens=694.86
qa_relevance_sft_loss=0.00
qa_relevance_sft_tokens=84.68
lr=5.000e-05
[training info] mode=sft epoch=71 step=1000/3206 metrics=cnt=900
total_loss=0.00
qa_cot_loss=0.00
qa_sft_tokens=777.23
qa_main_sft_loss=0.00
qa_main_sft_tokens=688.68
qa_relevance_sft_loss=0.00
qa_relevance_sft_tokens=88.56
lr=5.000e-05
[2026-09-07 18:52:00,074] [INFO] [AiScheduler#1] [executor.py:361] execute_once running, len(finish_tasks): [0]
[training info] mode=sft epoch=71 step=2000/3206 metrics=cnt=1000
total_loss=0.00
qa_cot_loss=0.00
qa_sft_tokens=771.06
qa_main_sft_loss=0.00
qa_main_sft_tokens=681.25
qa_relevance_sft_loss=0.00
qa_relevance_sft_tokens=89.80
lr=5.000e-05
[training info] mode=sft epoch=71 step=3000/3206 metrics=cnt=1000
total_loss=0.00
qa_cot_loss=0.00
qa_sft_tokens=747.66
qa_main_sft_loss=0.00
qa_main_sft_tokens=656.61
qa_relevance_sft_loss=0.00
qa_relevance_sft_tokens=91.06
lr=5.000e-05
[training info] mode=sft epoch=71 step=3205/3206 metrics=cnt=1205
total_loss=0.00
qa_cot_loss=0.00
qa_sft_tokens=745.89
qa_main_sft_loss=0.00
qa_main_sft_tokens=654.88
qa_relevance_sft_loss=0.00
qa_relevance_sft_tokens=91.01
lr=5.000e-05
[BARRIER-PROBE][epoch71_sft_train_end] rank=0 wait=0.00s ok
[dev SFT] epoch=71 dev/qa_cot_loss=1.63959 dev/qa_perplexity=5.15303 dev/qa_sft_tokens=2.9848e+06 dev/qa_main_sft_loss=1.81889 dev/qa_main_perplexity=6.16502 dev/qa_main_sft_tokens=2.66882e+06 dev/qa_relevance_sft_loss=0.125183 dev/qa_relevance_perplexity=1.13336 dev/qa_relevance_sft_tokens=315990 dev/qa_main_token_accuracy=0.801137 dev/qa_relevance_token_accuracy=0.980873
[BARRIER-PROBE][epoch71_sft_after_save] rank=0 wait=0.00s ok
[INFO] start pure SFT epoch=72 num_batch=3206
[training info] mode=sft epoch=72 step=0/3206 metrics=cnt=1
total_loss=0.00
qa_cot_loss=0.00
qa_sft_tokens=516.00
qa_main_sft_loss=0.00
qa_main_sft_tokens=398.00
qa_relevance_sft_loss=0.00
qa_relevance_sft_tokens=118.00
lr=5.000e-05
[training info] mode=sft epoch=72 step=10/3206 metrics=cnt=10
total_loss=0.00
qa_cot_loss=0.00
qa_sft_tokens=712.00
qa_main_sft_loss=0.00
qa_main_sft_tokens=615.60
qa_relevance_sft_loss=0.00
qa_relevance_sft_tokens=96.40
lr=5.000e-05
[training info] mode=sft epoch=72 step=50/3206 metrics=cnt=40
total_loss=0.00
qa_cot_loss=0.00
qa_sft_tokens=836.52
qa_main_sft_loss=0.00
qa_main_sft_tokens=751.55
qa_relevance_sft_loss=0.00
qa_relevance_sft_tokens=84.97
lr=5.000e-05
[training info] mode=sft epoch=72 step=100/3206 metrics=cnt=50
total_loss=0.00
qa_cot_loss=0.00
qa_sft_tokens=787.44
qa_main_sft_loss=0.00
qa_main_sft_tokens=693.42
qa_relevance_sft_loss=0.00
qa_relevance_sft_tokens=94.02
lr=5.000e-05
[2026-09-07 19:52:03,292] [INFO] [AiScheduler#1] [executor.py:361] execute_once running, len(finish_tasks): [0]
[training info] mode=sft epoch=72 step=1000/3206 metrics=cnt=900
total_loss=0.00
qa_cot_loss=0.00
qa_sft_tokens=768.28
qa_main_sft_loss=0.00
qa_main_sft_tokens=677.43
qa_relevance_sft_loss=0.00
qa_relevance_sft_tokens=90.85
lr=5.000e-05
[training info] mode=sft epoch=72 step=2000/3206 metrics=cnt=1000
total_loss=0.00
qa_cot_loss=0.00
qa_sft_tokens=751.52
qa_main_sft_loss=0.00
qa_main_sft_tokens=661.28
qa_relevance_sft_loss=0.00
qa_relevance_sft_tokens=90.24
lr=5.000e-05
[2026-09-07 20:52:06,367] [INFO] [AiScheduler#1] [executor.py:361] execute_once running, len(finish_tasks): [0]
[training info] mode=sft epoch=72 step=3000/3206 metrics=cnt=1000
total_loss=0.00
qa_cot_loss=0.00
qa_sft_tokens=773.51
qa_main_sft_loss=0.00
qa_main_sft_tokens=684.25
qa_relevance_sft_loss=0.00
qa_relevance_sft_tokens=89.27
lr=5.000e-05
[training info] mode=sft epoch=72 step=3205/3206 metrics=cnt=1205
total_loss=0.00
qa_cot_loss=0.00
qa_sft_tokens=769.70
qa_main_sft_loss=0.00
qa_main_sft_tokens=680.84
qa_relevance_sft_loss=0.00
qa_relevance_sft_tokens=88.85
lr=5.000e-05
[BARRIER-PROBE][epoch72_sft_train_end] rank=0 wait=0.01s ok
[dev SFT] epoch=72 dev/qa_cot_loss=1.57132 dev/qa_perplexity=4.81299 dev/qa_sft_tokens=2.9848e+06 dev/qa_main_sft_loss=1.74465 dev/qa_main_perplexity=5.72391 dev/qa_main_sft_tokens=2.66882e+06 dev/qa_relevance_sft_loss=0.107369 dev/qa_relevance_perplexity=1.11334 dev/qa_relevance_sft_tokens=315990 dev/qa_main_token_accuracy=0.801429 dev/qa_relevance_token_accuracy=0.982452
[BARRIER-PROBE][epoch72_sft_after_save] rank=0 wait=0.00s ok
[INFO] start pure SFT epoch=73 num_batch=3206
[training info] mode=sft epoch=73 step=0/3206 metrics=cnt=1
total_loss=0.00
qa_cot_loss=0.00
qa_sft_tokens=521.00
qa_main_sft_loss=0.00
qa_main_sft_tokens=399.00
qa_relevance_sft_loss=0.00
qa_relevance_sft_tokens=122.00
lr=5.000e-05
[training info] mode=sft epoch=73 step=10/3206 metrics=cnt=10
total_loss=0.00
qa_cot_loss=0.00
qa_sft_tokens=734.00
qa_main_sft_loss=0.00
qa_main_sft_tokens=648.30
qa_relevance_sft_loss=0.00
qa_relevance_sft_tokens=85.70
lr=5.000e-05
[training info] mode=sft epoch=73 step=50/3206 metrics=cnt=40
total_loss=0.00
qa_cot_loss=0.00
qa_sft_tokens=791.77
qa_main_sft_loss=0.00
qa_main_sft_tokens=707.77
qa_relevance_sft_loss=0.00
qa_relevance_sft_tokens=84.00
lr=5.000e-05
[training info] mode=sft epoch=73 step=100/3206 metrics=cnt=50
total_loss=0.00
qa_cot_loss=0.00
qa_sft_tokens=768.24
qa_main_sft_loss=0.00
qa_main_sft_tokens=679.36
qa_relevance_sft_loss=0.00
qa_relevance_sft_tokens=88.88
lr=5.000e-05
[training info] mode=sft epoch=73 step=1000/3206 metrics=cnt=900
total_loss=0.00
qa_cot_loss=0.00
qa_sft_tokens=744.96
qa_main_sft_loss=0.00
qa_main_sft_tokens=654.52
qa_relevance_sft_loss=0.00
qa_relevance_sft_tokens=90.43
lr=5.000e-05
[training info] mode=sft epoch=73 step=2000/3206 metrics=cnt=1000
total_loss=0.00
qa_cot_loss=0.00
qa_sft_tokens=750.52
qa_main_sft_loss=0.00
qa_main_sft_tokens=661.25
qa_relevance_sft_loss=0.00
qa_relevance_sft_tokens=89.27
lr=5.000e-05
[2026-09-07 21:52:09,511] [INFO] [AiScheduler#1] [executor.py:361] execute_once running, len(finish_tasks): [0]
[training info] mode=sft epoch=73 step=3000/3206 metrics=cnt=1000
total_loss=0.00
qa_cot_loss=0.00
qa_sft_tokens=756.01
qa_main_sft_loss=0.00
qa_main_sft_tokens=665.68
qa_relevance_sft_loss=0.00
qa_relevance_sft_tokens=90.33
lr=5.000e-05
[training info] mode=sft epoch=73 step=3205/3206 metrics=cnt=1205
total_loss=0.00
qa_cot_loss=0.00
qa_sft_tokens=755.56
qa_main_sft_loss=0.00
qa_main_sft_tokens=665.20
qa_relevance_sft_loss=0.00
qa_relevance_sft_tokens=90.36
lr=5.000e-05
[BARRIER-PROBE][epoch73_sft_train_end] rank=0 wait=0.00s ok
[dev SFT] epoch=73 dev/qa_cot_loss=1.57356 dev/qa_perplexity=4.82379 dev/qa_sft_tokens=2.9848e+06 dev/qa_main_sft_loss=1.74287 dev/qa_main_perplexity=5.71371 dev/qa_main_sft_tokens=2.66882e+06 dev/qa_relevance_sft_loss=0.143597 dev/qa_relevance_perplexity=1.15442 dev/qa_relevance_sft_tokens=315990 dev/qa_main_token_accuracy=0.801021 dev/qa_relevance_token_accuracy=0.981423
[BARRIER-PROBE][epoch73_sft_after_save] rank=0 wait=0.00s ok
[INFO] start pure SFT epoch=74 num_batch=3206
[training info] mode=sft epoch=74 step=0/3206 metrics=cnt=1
total_loss=0.00
qa_cot_loss=0.00
qa_sft_tokens=995.00
qa_main_sft_loss=0.00
qa_main_sft_tokens=941.00
qa_relevance_sft_loss=0.00
qa_relevance_sft_tokens=54.00
lr=5.000e-05
[training info] mode=sft epoch=74 step=10/3206 metrics=cnt=10
total_loss=0.00
qa_cot_loss=0.00
qa_sft_tokens=861.30
qa_main_sft_loss=0.00
qa_main_sft_tokens=776.10
qa_relevance_sft_loss=0.00
qa_relevance_sft_tokens=85.20
lr=5.000e-05
[training info] mode=sft epoch=74 step=50/3206 metrics=cnt=40
total_loss=0.00
qa_cot_loss=0.00
qa_sft_tokens=791.02
qa_main_sft_loss=0.00
qa_main_sft_tokens=702.85
qa_relevance_sft_loss=0.00
qa_relevance_sft_tokens=88.17
lr=5.000e-05
[training info] mode=sft epoch=74 step=100/3206 metrics=cnt=50
total_loss=0.00
qa_cot_loss=0.00
qa_sft_tokens=779.24
qa_main_sft_loss=0.00
qa_main_sft_tokens=690.58
qa_relevance_sft_loss=0.00
qa_relevance_sft_tokens=88.66
lr=5.000e-05
[training info] mode=sft epoch=74 step=1000/3206 metrics=cnt=900
total_loss=0.00
qa_cot_loss=0.00
qa_sft_tokens=749.27
qa_main_sft_loss=0.00
qa_main_sft_tokens=658.85
qa_relevance_sft_loss=0.00
qa_relevance_sft_tokens=90.42
lr=5.000e-05
[2026-09-07 22:52:12,677] [INFO] [AiScheduler#1] [executor.py:361] execute_once running, len(finish_tasks): [0]
[training info] mode=sft epoch=74 step=2000/3206 metrics=cnt=1000
total_loss=0.00
qa_cot_loss=0.00
qa_sft_tokens=763.89
qa_main_sft_loss=0.00
qa_main_sft_tokens=672.95
qa_relevance_sft_loss=0.00
qa_relevance_sft_tokens=90.93
lr=5.000e-05
[training info] mode=sft epoch=74 step=3000/3206 metrics=cnt=1000
total_loss=0.00
qa_cot_loss=0.00
qa_sft_tokens=778.61
qa_main_sft_loss=0.00
qa_main_sft_tokens=689.99
qa_relevance_sft_loss=0.00
qa_relevance_sft_tokens=88.62
lr=5.000e-05
[training info] mode=sft epoch=74 step=3205/3206 metrics=cnt=1205
total_loss=0.00
qa_cot_loss=0.00
qa_sft_tokens=780.11
qa_main_sft_loss=0.00
qa_main_sft_tokens=691.58
qa_relevance_sft_loss=0.00
qa_relevance_sft_tokens=88.53
lr=5.000e-05
[BARRIER-PROBE][epoch74_sft_train_end] rank=0 wait=0.00s ok
[dev SFT] epoch=74 dev/qa_cot_loss=1.61525 dev/qa_perplexity=5.02915 dev/qa_sft_tokens=2.9848e+06 dev/qa_main_sft_loss=1.78899 dev/qa_main_perplexity=5.98341 dev/qa_main_sft_tokens=2.66882e+06 dev/qa_relevance_sft_loss=0.147867 dev/qa_relevance_perplexity=1.15936 dev/qa_relevance_sft_tokens=315990 dev/qa_main_token_accuracy=0.799302 dev/qa_relevance_token_accuracy=0.980376
[BARRIER-PROBE][epoch74_sft_after_save] rank=0 wait=0.00s ok
[INFO] start pure SFT epoch=75 num_batch=3206
[training info] mode=sft epoch=75 step=0/3206 metrics=cnt=1
total_loss=0.00
qa_cot_loss=0.00
qa_sft_tokens=839.00
qa_main_sft_loss=0.01
qa_main_sft_tokens=702.00
qa_relevance_sft_loss=0.00
qa_relevance_sft_tokens=137.00
lr=5.000e-05
[training info] mode=sft epoch=75 step=10/3206 metrics=cnt=10
total_loss=0.00
qa_cot_loss=0.00
qa_sft_tokens=787.20
qa_main_sft_loss=0.00
qa_main_sft_tokens=701.20
qa_relevance_sft_loss=0.00
qa_relevance_sft_tokens=86.00
lr=5.000e-05
[training info] mode=sft epoch=75 step=50/3206 metrics=cnt=40
total_loss=0.00
qa_cot_loss=0.00
qa_sft_tokens=701.30
qa_main_sft_loss=0.00
qa_main_sft_tokens=606.02
qa_relevance_sft_loss=0.00
qa_relevance_sft_tokens=95.27
lr=5.000e-05
[training info] mode=sft epoch=75 step=100/3206 metrics=cnt=50
total_loss=0.00
qa_cot_loss=0.00
qa_sft_tokens=810.22
qa_main_sft_loss=0.00
qa_main_sft_tokens=718.30
qa_relevance_sft_loss=0.00
qa_relevance_sft_tokens=91.92
lr=5.000e-05
[2026-09-07 23:52:15,904] [INFO] [AiScheduler#1] [executor.py:361] execute_once running, len(finish_tasks): [0]
[training info] mode=sft epoch=75 step=1000/3206 metrics=cnt=900
total_loss=0.00
qa_cot_loss=0.00
qa_sft_tokens=740.79
qa_main_sft_loss=0.00
qa_main_sft_tokens=649.45
qa_relevance_sft_loss=0.00
qa_relevance_sft_tokens=91.35
lr=5.000e-05
[training info] mode=sft epoch=75 step=2000/3206 metrics=cnt=1000
total_loss=0.00
qa_cot_loss=0.00
qa_sft_tokens=783.15
qa_main_sft_loss=0.00
qa_main_sft_tokens=696.05
qa_relevance_sft_loss=0.00
qa_relevance_sft_tokens=87.10
lr=5.000e-05
[2026-09-08 00:52:19,095] [INFO] [AiScheduler#1] [executor.py:361] execute_once running, len(finish_tasks): [0]
[training info] mode=sft epoch=75 step=3000/3206 metrics=cnt=1000
total_loss=0.00
qa_cot_loss=0.00
qa_sft_tokens=761.76
qa_main_sft_loss=0.00
qa_main_sft_tokens=673.01
qa_relevance_sft_loss=0.00
qa_relevance_sft_tokens=88.75
lr=5.000e-05
[training info] mode=sft epoch=75 step=3205/3206 metrics=cnt=1205
total_loss=0.00
qa_cot_loss=0.00
qa_sft_tokens=763.53
qa_main_sft_loss=0.00
qa_main_sft_tokens=675.39
qa_relevance_sft_loss=0.00
qa_relevance_sft_tokens=88.15
lr=5.000e-05
[BARRIER-PROBE][epoch75_sft_train_end] rank=0 wait=0.00s ok
[dev SFT] epoch=75 dev/qa_cot_loss=1.61583 dev/qa_perplexity=5.03208 dev/qa_sft_tokens=2.9848e+06 dev/qa_main_sft_loss=1.79193 dev/qa_main_perplexity=6.00105 dev/qa_main_sft_tokens=2.66882e+06 dev/qa_relevance_sft_loss=0.128498 dev/qa_relevance_perplexity=1.13712 dev/qa_relevance_sft_tokens=315990 dev/qa_main_token_accuracy=0.801337 dev/qa_relevance_token_accuracy=0.980673
[BARRIER-PROBE][epoch75_sft_after_save] rank=0 wait=0.00s ok
[INFO] start pure SFT epoch=76 num_batch=3206
[training info] mode=sft epoch=76 step=0/3206 metrics=cnt=1
total_loss=0.00
qa_cot_loss=0.00
qa_sft_tokens=1230.00
qa_main_sft_loss=0.00
qa_main_sft_tokens=1181.00
qa_relevance_sft_loss=0.00
qa_relevance_sft_tokens=49.00
lr=5.000e-05
[training info] mode=sft epoch=76 step=10/3206 metrics=cnt=10
total_loss=0.00
qa_cot_loss=0.00
qa_sft_tokens=600.40
qa_main_sft_loss=0.00
qa_main_sft_tokens=501.10
qa_relevance_sft_loss=0.00
qa_relevance_sft_tokens=99.30
lr=5.000e-05
[training info] mode=sft epoch=76 step=50/3206 metrics=cnt=40
total_loss=0.00
qa_cot_loss=0.00
qa_sft_tokens=708.07
qa_main_sft_loss=0.00
qa_main_sft_tokens=616.90
qa_relevance_sft_loss=0.00
qa_relevance_sft_tokens=91.17
lr=5.000e-05
[training info] mode=sft epoch=76 step=100/3206 metrics=cnt=50
total_loss=0.00
qa_cot_loss=0.00
qa_sft_tokens=756.30
qa_main_sft_loss=0.00
qa_main_sft_tokens=665.80
qa_relevance_sft_loss=0.00
qa_relevance_sft_tokens=90.50
lr=5.000e-05
[training info] mode=sft epoch=76 step=1000/3206 metrics=cnt=900
total_loss=0.00
qa_cot_loss=0.00
qa_sft_tokens=752.52
qa_main_sft_loss=0.00
qa_main_sft_tokens=661.72
qa_relevance_sft_loss=0.00
qa_relevance_sft_tokens=90.81
lr=5.000e-05
[2026-09-08 01:52:22,162] [INFO] [AiScheduler#1] [executor.py:361] execute_once running, len(finish_tasks): [0]
[training info] mode=sft epoch=76 step=2000/3206 metrics=cnt=1000
total_loss=0.00
qa_cot_loss=0.00
qa_sft_tokens=769.09
qa_main_sft_loss=0.00
qa_main_sft_tokens=678.52
qa_relevance_sft_loss=0.00
qa_relevance_sft_tokens=90.57
lr=5.000e-05
[training info] mode=sft epoch=76 step=3000/3206 metrics=cnt=1000
total_loss=0.00
qa_cot_loss=0.00
qa_sft_tokens=768.50
qa_main_sft_loss=0.00
qa_main_sft_tokens=678.48
qa_relevance_sft_loss=0.00
qa_relevance_sft_tokens=90.02
lr=5.000e-05
[training info] mode=sft epoch=76 step=3205/3206 metrics=cnt=1205
total_loss=0.00
qa_cot_loss=0.00
qa_sft_tokens=761.87
qa_main_sft_loss=0.00
qa_main_sft_tokens=671.61
qa_relevance_sft_loss=0.00
qa_relevance_sft_tokens=90.25
lr=5.000e-05
[BARRIER-PROBE][epoch76_sft_train_end] rank=0 wait=0.00s ok
[dev SFT] epoch=76 dev/qa_cot_loss=1.64665 dev/qa_perplexity=5.18954 dev/qa_sft_tokens=2.9848e+06 dev/qa_main_sft_loss=1.82527 dev/qa_main_perplexity=6.20447 dev/qa_main_sft_tokens=2.66882e+06 dev/qa_relevance_sft_loss=0.138 dev/qa_relevance_perplexity=1.14798 dev/qa_relevance_sft_tokens=315990 dev/qa_main_token_accuracy=0.800148 dev/qa_relevance_token_accuracy=0.98187
[BARRIER-PROBE][epoch76_sft_after_save] rank=0 wait=0.00s ok
[INFO] start pure SFT epoch=77 num_batch=3206
[training info] mode=sft epoch=77 step=0/3206 metrics=cnt=1
total_loss=0.00
qa_cot_loss=0.00
qa_sft_tokens=634.00
qa_main_sft_loss=0.00
qa_main_sft_tokens=515.00
qa_relevance_sft_loss=0.00
qa_relevance_sft_tokens=119.00
lr=5.000e-05
[training info] mode=sft epoch=77 step=10/3206 metrics=cnt=10
total_loss=0.00
qa_cot_loss=0.00
qa_sft_tokens=791.80
qa_main_sft_loss=0.00
qa_main_sft_tokens=706.50
qa_relevance_sft_loss=0.00
qa_relevance_sft_tokens=85.30
lr=5.000e-05
[training info] mode=sft epoch=77 step=50/3206 metrics=cnt=40
total_loss=0.00
qa_cot_loss=0.00
qa_sft_tokens=696.82
qa_main_sft_loss=0.00
qa_main_sft_tokens=604.02
qa_relevance_sft_loss=0.00
qa_relevance_sft_tokens=92.80
lr=5.000e-05
[training info] mode=sft epoch=77 step=100/3206 metrics=cnt=50
total_loss=0.00
qa_cot_loss=0.00
qa_sft_tokens=736.04
qa_main_sft_loss=0.00
qa_main_sft_tokens=644.54
qa_relevance_sft_loss=0.00
qa_relevance_sft_tokens=91.50
lr=5.000e-05
[2026-09-08 02:52:25,374] [INFO] [AiScheduler#1] [executor.py:361] execute_once running, len(finish_tasks): [0]
[training info] mode=sft epoch=77 step=1000/3206 metrics=cnt=900
total_loss=0.00
qa_cot_loss=0.00
qa_sft_tokens=762.46
qa_main_sft_loss=0.00
qa_main_sft_tokens=673.08
qa_relevance_sft_loss=0.00
qa_relevance_sft_tokens=89.38
lr=5.000e-05
[training info] mode=sft epoch=77 step=2000/3206 metrics=cnt=1000
total_loss=0.00
qa_cot_loss=0.00
qa_sft_tokens=775.68
qa_main_sft_loss=0.00
qa_main_sft_tokens=685.22
qa_relevance_sft_loss=0.00
qa_relevance_sft_tokens=90.46
lr=5.000e-05
[training info] mode=sft epoch=77 step=3000/3206 metrics=cnt=1000
total_loss=0.00
qa_cot_loss=0.00
qa_sft_tokens=765.93
qa_main_sft_loss=0.00
qa_main_sft_tokens=676.88
qa_relevance_sft_loss=0.00
qa_relevance_sft_tokens=89.05
lr=5.000e-05
[training info] mode=sft epoch=77 step=3205/3206 metrics=cnt=1205
total_loss=0.00
qa_cot_loss=0.00
qa_sft_tokens=755.95
qa_main_sft_loss=0.00
qa_main_sft_tokens=666.92
qa_relevance_sft_loss=0.00
qa_relevance_sft_tokens=89.03
lr=5.000e-05
[BARRIER-PROBE][epoch77_sft_train_end] rank=0 wait=0.00s ok
[2026-09-08 03:52:28,630] [INFO] [AiScheduler#1] [executor.py:361] execute_once running, len(finish_tasks): [0]
[dev SFT] epoch=77 dev/qa_cot_loss=1.65837 dev/qa_perplexity=5.25076 dev/qa_sft_tokens=2.9848e+06 dev/qa_main_sft_loss=1.83933 dev/qa_main_perplexity=6.2923 dev/qa_main_sft_tokens=2.66882e+06 dev/qa_relevance_sft_loss=0.13007 dev/qa_relevance_perplexity=1.13891 dev/qa_relevance_sft_tokens=315990 dev/qa_main_token_accuracy=0.798811 dev/qa_relevance_token_accuracy=0.982094
[BARRIER-PROBE][epoch77_sft_after_save] rank=0 wait=0.00s ok
[INFO] start pure SFT epoch=78 num_batch=3206
[training info] mode=sft epoch=78 step=0/3206 metrics=cnt=1
total_loss=0.00
qa_cot_loss=0.00
qa_sft_tokens=668.00
qa_main_sft_loss=0.00
qa_main_sft_tokens=570.00
qa_relevance_sft_loss=0.00
qa_relevance_sft_tokens=98.00
lr=5.000e-05
[training info] mode=sft epoch=78 step=10/3206 metrics=cnt=10
total_loss=0.00
qa_cot_loss=0.00
qa_sft_tokens=921.10
qa_main_sft_loss=0.00
qa_main_sft_tokens=845.40
qa_relevance_sft_loss=0.00
qa_relevance_sft_tokens=75.70
lr=5.000e-05
[training info] mode=sft epoch=78 step=50/3206 metrics=cnt=40
total_loss=0.00
qa_cot_loss=0.00
qa_sft_tokens=763.40
qa_main_sft_loss=0.00
qa_main_sft_tokens=677.27
qa_relevance_sft_loss=0.00
qa_relevance_sft_tokens=86.12
lr=5.000e-05
[training info] mode=sft epoch=78 step=100/3206 metrics=cnt=50
total_loss=0.00
qa_cot_loss=0.00
qa_sft_tokens=817.06
qa_main_sft_loss=0.00
qa_main_sft_tokens=729.98
qa_relevance_sft_loss=0.00
qa_relevance_sft_tokens=87.08
lr=5.000e-05
[training info] mode=sft epoch=78 step=1000/3206 metrics=cnt=900
total_loss=0.00
qa_cot_loss=0.00
qa_sft_tokens=751.65
qa_main_sft_loss=0.00
qa_main_sft_tokens=661.94
qa_relevance_sft_loss=0.00
qa_relevance_sft_tokens=89.71
lr=5.000e-05
[training info] mode=sft epoch=78 step=2000/3206 metrics=cnt=1000
total_loss=0.00
qa_cot_loss=0.00
qa_sft_tokens=757.17
qa_main_sft_loss=0.00
qa_main_sft_tokens=668.40
qa_relevance_sft_loss=0.00
qa_relevance_sft_tokens=88.77
lr=5.000e-05
[2026-09-08 04:52:31,858] [INFO] [AiScheduler#1] [executor.py:361] execute_once running, len(finish_tasks): [0]
[training info] mode=sft epoch=78 step=3000/3206 metrics=cnt=1000
total_loss=0.00
qa_cot_loss=0.00
qa_sft_tokens=768.62
qa_main_sft_loss=0.00
qa_main_sft_tokens=678.22
qa_relevance_sft_loss=0.00
qa_relevance_sft_tokens=90.40
lr=5.000e-05
[training info] mode=sft epoch=78 step=3205/3206 metrics=cnt=1205
total_loss=0.00
qa_cot_loss=0.00
qa_sft_tokens=761.69
qa_main_sft_loss=0.00
qa_main_sft_tokens=671.23
qa_relevance_sft_loss=0.00
qa_relevance_sft_tokens=90.46
lr=5.000e-05
[BARRIER-PROBE][epoch78_sft_train_end] rank=0 wait=0.02s ok
[dev SFT] epoch=78 dev/qa_cot_loss=1.56043 dev/qa_perplexity=4.76088 dev/qa_sft_tokens=2.9848e+06 dev/qa_main_sft_loss=1.72913 dev/qa_main_perplexity=5.63576 dev/qa_main_sft_tokens=2.66882e+06 dev/qa_relevance_sft_loss=0.135614 dev/qa_relevance_perplexity=1.14524 dev/qa_relevance_sft_tokens=315990 dev/qa_main_token_accuracy=0.798756 dev/qa_relevance_token_accuracy=0.981582
[BARRIER-PROBE][epoch78_sft_after_save] rank=0 wait=0.00s ok
[INFO] start pure SFT epoch=79 num_batch=3206
[training info] mode=sft epoch=79 step=0/3206 metrics=cnt=1
total_loss=0.01
qa_cot_loss=0.01
qa_sft_tokens=1314.00
qa_main_sft_loss=0.01
qa_main_sft_tokens=1283.00
qa_relevance_sft_loss=0.00
qa_relevance_sft_tokens=31.00
lr=5.000e-05
[training info] mode=sft epoch=79 step=10/3206 metrics=cnt=10
total_loss=0.01
qa_cot_loss=0.01
qa_sft_tokens=865.70
qa_main_sft_loss=0.01
qa_main_sft_tokens=769.60
qa_relevance_sft_loss=0.00
qa_relevance_sft_tokens=96.10
lr=5.000e-05
[training info] mode=sft epoch=79 step=50/3206 metrics=cnt=40
total_loss=0.00
qa_cot_loss=0.00
qa_sft_tokens=711.80
qa_main_sft_loss=0.00
qa_main_sft_tokens=622.37
qa_relevance_sft_loss=0.00
qa_relevance_sft_tokens=89.42
lr=5.000e-05
[training info] mode=sft epoch=79 step=100/3206 metrics=cnt=50
total_loss=0.00
qa_cot_loss=0.00
qa_sft_tokens=748.10
qa_main_sft_loss=0.00
qa_main_sft_tokens=656.90
qa_relevance_sft_loss=0.00
qa_relevance_sft_tokens=91.20
lr=5.000e-05
[training info] mode=sft epoch=79 step=1000/3206 metrics=cnt=900
total_loss=0.00
qa_cot_loss=0.00
qa_sft_tokens=758.42
qa_main_sft_loss=0.00
qa_main_sft_tokens=668.34
qa_relevance_sft_loss=0.00
qa_relevance_sft_tokens=90.08
lr=5.000e-05
[2026-09-08 05:52:34,923] [INFO] [AiScheduler#1] [executor.py:361] execute_once running, len(finish_tasks): [0]
[training info] mode=sft epoch=79 step=2000/3206 metrics=cnt=1000
total_loss=0.00
qa_cot_loss=0.00
qa_sft_tokens=753.68
qa_main_sft_loss=0.00
qa_main_sft_tokens=663.30
qa_relevance_sft_loss=0.00
qa_relevance_sft_tokens=90.39
lr=5.000e-05
[training info] mode=sft epoch=79 step=3000/3206 metrics=cnt=1000
total_loss=0.00
qa_cot_loss=0.00
qa_sft_tokens=754.23
qa_main_sft_loss=0.00
qa_main_sft_tokens=664.02
qa_relevance_sft_loss=0.00
qa_relevance_sft_tokens=90.21
lr=5.000e-05
[training info] mode=sft epoch=79 step=3205/3206 metrics=cnt=1205
total_loss=0.00
qa_cot_loss=0.00
qa_sft_tokens=759.21
qa_main_sft_loss=0.00
qa_main_sft_tokens=669.14
qa_relevance_sft_loss=0.00
qa_relevance_sft_tokens=90.07
lr=5.000e-05
[BARRIER-PROBE][epoch79_sft_train_end] rank=0 wait=0.02s ok
[dev SFT] epoch=79 dev/qa_cot_loss=1.61223 dev/qa_perplexity=5.01396 dev/qa_sft_tokens=2.9848e+06 dev/qa_main_sft_loss=1.78671 dev/qa_main_perplexity=5.96978 dev/qa_main_sft_tokens=2.66882e+06 dev/qa_relevance_sft_loss=0.138546 dev/qa_relevance_perplexity=1.1486 dev/qa_relevance_sft_tokens=315990 dev/qa_main_token_accuracy=0.799835 dev/qa_relevance_token_accuracy=0.982012
[BARRIER-PROBE][epoch79_sft_after_save] rank=0 wait=0.00s ok
[INFO] start pure SFT epoch=80 num_batch=3206
[training info] mode=sft epoch=80 step=0/3206 metrics=cnt=1
total_loss=0.00
qa_cot_loss=0.00
qa_sft_tokens=1097.00
qa_main_sft_loss=0.00
qa_main_sft_tokens=1043.00
qa_relevance_sft_loss=0.00
qa_relevance_sft_tokens=54.00
lr=5.000e-05
[training info] mode=sft epoch=80 step=10/3206 metrics=cnt=10
total_loss=0.00
qa_cot_loss=0.00
qa_sft_tokens=712.80
qa_main_sft_loss=0.00
qa_main_sft_tokens=622.30
qa_relevance_sft_loss=0.00
qa_relevance_sft_tokens=90.50
lr=5.000e-05
[training info] mode=sft epoch=80 step=50/3206 metrics=cnt=40
total_loss=0.00
qa_cot_loss=0.00
qa_sft_tokens=802.80
qa_main_sft_loss=0.00
qa_main_sft_tokens=718.47
qa_relevance_sft_loss=0.00
qa_relevance_sft_tokens=84.32
lr=5.000e-05
[training info] mode=sft epoch=80 step=100/3206 metrics=cnt=50
total_loss=0.00
qa_cot_loss=0.00
qa_sft_tokens=802.94
qa_main_sft_loss=0.00
qa_main_sft_tokens=710.36
qa_relevance_sft_loss=0.00
qa_relevance_sft_tokens=92.58
lr=5.000e-05
[2026-09-08 06:52:37,992] [INFO] [AiScheduler#1] [executor.py:361] execute_once running, len(finish_tasks): [0]
[training info] mode=sft epoch=80 step=1000/3206 metrics=cnt=900
total_loss=0.00
qa_cot_loss=0.00
qa_sft_tokens=778.04
qa_main_sft_loss=0.00
qa_main_sft_tokens=688.26
qa_relevance_sft_loss=0.00
qa_relevance_sft_tokens=89.78
lr=5.000e-05
[training info] mode=sft epoch=80 step=2000/3206 metrics=cnt=1000
total_loss=0.00
qa_cot_loss=0.00
qa_sft_tokens=748.16
qa_main_sft_loss=0.00
qa_main_sft_tokens=657.92
qa_relevance_sft_loss=0.00
qa_relevance_sft_tokens=90.24
lr=5.000e-05
[training info] mode=sft epoch=80 step=3000/3206 metrics=cnt=1000
total_loss=0.00
qa_cot_loss=0.00
qa_sft_tokens=767.00
qa_main_sft_loss=0.00
qa_main_sft_tokens=677.71
qa_relevance_sft_loss=0.00
qa_relevance_sft_tokens=89.30
lr=5.000e-05
[2026-09-08 07:52:41,181] [INFO] [AiScheduler#1] [executor.py:361] execute_once running, len(finish_tasks): [0]
[training info] mode=sft epoch=80 step=3205/3206 metrics=cnt=1205
total_loss=0.00
qa_cot_loss=0.00
qa_sft_tokens=764.40
qa_main_sft_loss=0.00
qa_main_sft_tokens=674.92
qa_relevance_sft_loss=0.00
qa_relevance_sft_tokens=89.48
lr=5.000e-05
[BARRIER-PROBE][epoch80_sft_train_end] rank=0 wait=0.01s ok
[dev SFT] epoch=80 dev/qa_cot_loss=1.65061 dev/qa_perplexity=5.21015 dev/qa_sft_tokens=2.9848e+06 dev/qa_main_sft_loss=1.8311 dev/qa_main_perplexity=6.24077 dev/qa_main_sft_tokens=2.66882e+06 dev/qa_relevance_sft_loss=0.126178 dev/qa_relevance_perplexity=1.13448 dev/qa_relevance_sft_tokens=315990 dev/qa_main_token_accuracy=0.798384 dev/qa_relevance_token_accuracy=0.982898
[BARRIER-PROBE][epoch80_sft_after_save] rank=0 wait=0.00s ok
[INFO] start pure SFT epoch=81 num_batch=3206
[training info] mode=sft epoch=81 step=0/3206 metrics=cnt=1
total_loss=0.00
qa_cot_loss=0.00
qa_sft_tokens=1070.00
qa_main_sft_loss=0.00
qa_main_sft_tokens=997.00
qa_relevance_sft_loss=0.00
qa_relevance_sft_tokens=73.00
lr=5.000e-05
[training info] mode=sft epoch=81 step=10/3206 metrics=cnt=10
total_loss=0.00
qa_cot_loss=0.00
qa_sft_tokens=692.40
qa_main_sft_loss=0.00
qa_main_sft_tokens=592.00
qa_relevance_sft_loss=0.00
qa_relevance_sft_tokens=100.40
lr=5.000e-05
[training info] mode=sft epoch=81 step=50/3206 metrics=cnt=40
total_loss=0.00
qa_cot_loss=0.00
qa_sft_tokens=629.02
qa_main_sft_loss=0.00
qa_main_sft_tokens=529.27
qa_relevance_sft_loss=0.00
qa_relevance_sft_tokens=99.75
lr=5.000e-05
[training info] mode=sft epoch=81 step=100/3206 metrics=cnt=50
total_loss=0.00
qa_cot_loss=0.00
qa_sft_tokens=806.02
qa_main_sft_loss=0.00
qa_main_sft_tokens=719.08
qa_relevance_sft_loss=0.00
qa_relevance_sft_tokens=86.94
lr=5.000e-05
[training info] mode=sft epoch=81 step=1000/3206 metrics=cnt=900
total_loss=0.00
qa_cot_loss=0.00
qa_sft_tokens=743.73
qa_main_sft_loss=0.00
qa_main_sft_tokens=652.26
qa_relevance_sft_loss=0.00
qa_relevance_sft_tokens=91.47
lr=5.000e-05
[training info] mode=sft epoch=81 step=2000/3206 metrics=cnt=1000
total_loss=0.00
qa_cot_loss=0.00
qa_sft_tokens=769.78
qa_main_sft_loss=0.00
qa_main_sft_tokens=679.43
qa_relevance_sft_loss=0.00
qa_relevance_sft_tokens=90.35
lr=5.000e-05
[2026-09-08 08:52:44,362] [INFO] [AiScheduler#1] [executor.py:361] execute_once running, len(finish_tasks): [0]
[training info] mode=sft epoch=81 step=3000/3206 metrics=cnt=1000
total_loss=0.00
qa_cot_loss=0.00
qa_sft_tokens=765.73
qa_main_sft_loss=0.00
qa_main_sft_tokens=676.31
qa_relevance_sft_loss=0.00
qa_relevance_sft_tokens=89.42
lr=5.000e-05
[training info] mode=sft epoch=81 step=3205/3206 metrics=cnt=1205
total_loss=0.00
qa_cot_loss=0.00
qa_sft_tokens=758.30
qa_main_sft_loss=0.00
qa_main_sft_tokens=668.49
qa_relevance_sft_loss=0.00
qa_relevance_sft_tokens=89.80
lr=5.000e-05
[BARRIER-PROBE][epoch81_sft_train_end] rank=0 wait=0.00s ok
[dev SFT] epoch=81 dev/qa_cot_loss=1.63199 dev/qa_perplexity=5.11402 dev/qa_sft_tokens=2.9848e+06 dev/qa_main_sft_loss=1.80743 dev/qa_main_perplexity=6.09479 dev/qa_main_sft_tokens=2.66882e+06 dev/qa_relevance_sft_loss=0.150159 dev/qa_relevance_perplexity=1.16202 dev/qa_relevance_sft_tokens=315990 dev/qa_main_token_accuracy=0.799918 dev/qa_relevance_token_accuracy=0.980569
[BARRIER-PROBE][epoch81_sft_after_save] rank=0 wait=0.00s ok
[INFO] start pure SFT epoch=82 num_batch=3206
[training info] mode=sft epoch=82 step=0/3206 metrics=cnt=1
total_loss=0.01
qa_cot_loss=0.01
qa_sft_tokens=1127.00
qa_main_sft_loss=0.01
qa_main_sft_tokens=1050.00
qa_relevance_sft_loss=0.00
qa_relevance_sft_tokens=77.00
lr=5.000e-05
[training info] mode=sft epoch=82 step=10/3206 metrics=cnt=10
total_loss=0.00
qa_cot_loss=0.00
qa_sft_tokens=691.80
qa_main_sft_loss=0.00
qa_main_sft_tokens=599.00
qa_relevance_sft_loss=0.00
qa_relevance_sft_tokens=92.80
lr=5.000e-05
[training info] mode=sft epoch=82 step=50/3206 metrics=cnt=40
total_loss=0.00
qa_cot_loss=0.00
qa_sft_tokens=751.72
qa_main_sft_loss=0.00
qa_main_sft_tokens=658.37
qa_relevance_sft_loss=0.00
qa_relevance_sft_tokens=93.35
lr=5.000e-05
[training info] mode=sft epoch=82 step=100/3206 metrics=cnt=50
total_loss=0.00
qa_cot_loss=0.00
qa_sft_tokens=814.80
qa_main_sft_loss=0.00
qa_main_sft_tokens=729.84
qa_relevance_sft_loss=0.00
qa_relevance_sft_tokens=84.96
lr=5.000e-05
[training info] mode=sft epoch=82 step=1000/3206 metrics=cnt=900
total_loss=0.00
qa_cot_loss=0.00
qa_sft_tokens=782.90
qa_main_sft_loss=0.00
qa_main_sft_tokens=694.07
qa_relevance_sft_loss=0.00
qa_relevance_sft_tokens=88.82
lr=5.000e-05
[2026-09-08 09:52:47,595] [INFO] [AiScheduler#1] [executor.py:361] execute_once running, len(finish_tasks): [0]
[training info] mode=sft epoch=82 step=2000/3206 metrics=cnt=1000
total_loss=0.00
qa_cot_loss=0.00
qa_sft_tokens=771.62
qa_main_sft_loss=0.00
qa_main_sft_tokens=683.09
qa_relevance_sft_loss=0.00
qa_relevance_sft_tokens=88.53
lr=5.000e-05
[training info] mode=sft epoch=82 step=3000/3206 metrics=cnt=1000
total_loss=0.00
qa_cot_loss=0.00
qa_sft_tokens=748.18
qa_main_sft_loss=0.00
qa_main_sft_tokens=657.29
qa_relevance_sft_loss=0.00
qa_relevance_sft_tokens=90.89
lr=5.000e-05
[training info] mode=sft epoch=82 step=3205/3206 metrics=cnt=1205
total_loss=0.00
qa_cot_loss=0.00
qa_sft_tokens=748.78
qa_main_sft_loss=0.00
qa_main_sft_tokens=658.27
qa_relevance_sft_loss=0.00
qa_relevance_sft_tokens=90.52
lr=5.000e-05
[BARRIER-PROBE][epoch82_sft_train_end] rank=0 wait=0.00s ok
[dev SFT] epoch=82 dev/qa_cot_loss=1.60243 dev/qa_perplexity=4.9651 dev/qa_sft_tokens=2.9848e+06 dev/qa_main_sft_loss=1.77546 dev/qa_main_perplexity=5.90301 dev/qa_main_sft_tokens=2.66882e+06 dev/qa_relevance_sft_loss=0.141038 dev/qa_relevance_perplexity=1.15147 dev/qa_relevance_sft_tokens=315990 dev/qa_main_token_accuracy=0.801121 dev/qa_relevance_token_accuracy=0.982683
[BARRIER-PROBE][epoch82_sft_after_save] rank=0 wait=0.00s ok
[INFO] start pure SFT epoch=83 num_batch=3206
[training info] mode=sft epoch=83 step=0/3206 metrics=cnt=1
total_loss=0.02
qa_cot_loss=0.02
qa_sft_tokens=335.00
qa_main_sft_loss=0.03
qa_main_sft_tokens=232.00
qa_relevance_sft_loss=0.00
qa_relevance_sft_tokens=103.00
lr=5.000e-05
[training info] mode=sft epoch=83 step=10/3206 metrics=cnt=10
total_loss=0.00
qa_cot_loss=0.00
qa_sft_tokens=678.80
qa_main_sft_loss=0.00
qa_main_sft_tokens=594.70
qa_relevance_sft_loss=0.00
qa_relevance_sft_tokens=84.10
lr=5.000e-05
[training info] mode=sft epoch=83 step=50/3206 metrics=cnt=40
total_loss=0.00
qa_cot_loss=0.00
qa_sft_tokens=793.17
qa_main_sft_loss=0.00
qa_main_sft_tokens=705.07
qa_relevance_sft_loss=0.00
qa_relevance_sft_tokens=88.10
lr=5.000e-05
[training info] mode=sft epoch=83 step=100/3206 metrics=cnt=50
total_loss=0.00
qa_cot_loss=0.00
qa_sft_tokens=800.28
qa_main_sft_loss=0.00
qa_main_sft_tokens=711.68
qa_relevance_sft_loss=0.00
qa_relevance_sft_tokens=88.60
lr=5.000e-05
[2026-09-08 10:52:50,695] [INFO] [AiScheduler#1] [executor.py:361] execute_once running, len(finish_tasks): [0]
[training info] mode=sft epoch=83 step=1000/3206 metrics=cnt=900
total_loss=0.00
qa_cot_loss=0.00
qa_sft_tokens=744.66
qa_main_sft_loss=0.00
qa_main_sft_tokens=654.53
qa_relevance_sft_loss=0.00
qa_relevance_sft_tokens=90.13
lr=5.000e-05
[training info] mode=sft epoch=83 step=2000/3206 metrics=cnt=1000
total_loss=0.00
qa_cot_loss=0.00
qa_sft_tokens=761.30
qa_main_sft_loss=0.00
qa_main_sft_tokens=671.27
qa_relevance_sft_loss=0.00
qa_relevance_sft_tokens=90.03
lr=5.000e-05
[2026-09-08 11:52:53,915] [INFO] [AiScheduler#1] [executor.py:361] execute_once running, len(finish_tasks): [0]
[training info] mode=sft epoch=83 step=3000/3206 metrics=cnt=1000
total_loss=0.00
qa_cot_loss=0.00
qa_sft_tokens=755.20
qa_main_sft_loss=0.00
qa_main_sft_tokens=665.68
qa_relevance_sft_loss=0.00
qa_relevance_sft_tokens=89.52
lr=5.000e-05
[training info] mode=sft epoch=83 step=3205/3206 metrics=cnt=1205
total_loss=0.00
qa_cot_loss=0.00
qa_sft_tokens=756.10
qa_main_sft_loss=0.00
qa_main_sft_tokens=666.78
qa_relevance_sft_loss=0.00
qa_relevance_sft_tokens=89.31
lr=5.000e-05
[BARRIER-PROBE][epoch83_sft_train_end] rank=0 wait=0.03s ok
[dev SFT] epoch=83 dev/qa_cot_loss=1.58708 dev/qa_perplexity=4.88943 dev/qa_sft_tokens=2.9848e+06 dev/qa_main_sft_loss=1.76042 dev/qa_main_perplexity=5.8149 dev/qa_main_sft_tokens=2.66882e+06 dev/qa_relevance_sft_loss=0.123 dev/qa_relevance_perplexity=1.13088 dev/qa_relevance_sft_tokens=315990 dev/qa_main_token_accuracy=0.799604 dev/qa_relevance_token_accuracy=0.981265
[BARRIER-PROBE][epoch83_sft_after_save] rank=0 wait=0.00s ok
[INFO] start pure SFT epoch=84 num_batch=3206
[training info] mode=sft epoch=84 step=0/3206 metrics=cnt=1
total_loss=0.00
qa_cot_loss=0.00
qa_sft_tokens=1005.00
qa_main_sft_loss=0.00
qa_main_sft_tokens=947.00
qa_relevance_sft_loss=0.00
qa_relevance_sft_tokens=58.00
lr=5.000e-05
[training info] mode=sft epoch=84 step=10/3206 metrics=cnt=10
total_loss=0.01
qa_cot_loss=0.01
qa_sft_tokens=682.70
qa_main_sft_loss=0.01
qa_main_sft_tokens=593.90
qa_relevance_sft_loss=0.00
qa_relevance_sft_tokens=88.80
lr=5.000e-05
[training info] mode=sft epoch=84 step=50/3206 metrics=cnt=40
total_loss=0.00
qa_cot_loss=0.00
qa_sft_tokens=817.47
qa_main_sft_loss=0.00
qa_main_sft_tokens=727.80
qa_relevance_sft_loss=0.00
qa_relevance_sft_tokens=89.67
lr=5.000e-05
[training info] mode=sft epoch=84 step=100/3206 metrics=cnt=50
total_loss=0.00
qa_cot_loss=0.00
qa_sft_tokens=774.62
qa_main_sft_loss=0.00
qa_main_sft_tokens=683.58
qa_relevance_sft_loss=0.00
qa_relevance_sft_tokens=91.04
lr=5.000e-05
[training info] mode=sft epoch=84 step=1000/3206 metrics=cnt=900
total_loss=0.00
qa_cot_loss=0.00
qa_sft_tokens=757.56
qa_main_sft_loss=0.00
qa_main_sft_tokens=668.16
qa_relevance_sft_loss=0.00
qa_relevance_sft_tokens=89.40
lr=5.000e-05
[2026-09-08 12:52:57,140] [INFO] [AiScheduler#1] [executor.py:361] execute_once running, len(finish_tasks): [0]
[training info] mode=sft epoch=84 step=2000/3206 metrics=cnt=1000
total_loss=0.00
qa_cot_loss=0.00
qa_sft_tokens=747.81
qa_main_sft_loss=0.00
qa_main_sft_tokens=657.52
qa_relevance_sft_loss=0.00
qa_relevance_sft_tokens=90.29
lr=5.000e-05
[training info] mode=sft epoch=84 step=3000/3206 metrics=cnt=1000
total_loss=0.00
qa_cot_loss=0.00
qa_sft_tokens=773.17
qa_main_sft_loss=0.00
qa_main_sft_tokens=683.59
qa_relevance_sft_loss=0.00
qa_relevance_sft_tokens=89.57
lr=5.000e-05
[training info] mode=sft epoch=84 step=3205/3206 metrics=cnt=1205
total_loss=0.00
qa_cot_loss=0.00
qa_sft_tokens=765.78
qa_main_sft_loss=0.00
qa_main_sft_tokens=675.66
qa_relevance_sft_loss=0.00
qa_relevance_sft_tokens=90.12
lr=5.000e-05
[BARRIER-PROBE][epoch84_sft_train_end] rank=0 wait=0.00s ok
[dev SFT] epoch=84 dev/qa_cot_loss=1.696 dev/qa_perplexity=5.45209 dev/qa_sft_tokens=2.9848e+06 dev/qa_main_sft_loss=1.87938 dev/qa_main_perplexity=6.54944 dev/qa_main_sft_tokens=2.66882e+06 dev/qa_relevance_sft_loss=0.147177 dev/qa_relevance_perplexity=1.15856 dev/qa_relevance_sft_tokens=315990 dev/qa_main_token_accuracy=0.798151 dev/qa_relevance_token_accuracy=0.980196
[BARRIER-PROBE][epoch84_sft_after_save] rank=0 wait=0.00s ok
[INFO] start pure SFT epoch=85 num_batch=3206
[training info] mode=sft epoch=85 step=0/3206 metrics=cnt=1
total_loss=0.00
qa_cot_loss=0.00
qa_sft_tokens=540.00
qa_main_sft_loss=0.00
qa_main_sft_tokens=398.00
qa_relevance_sft_loss=0.00
qa_relevance_sft_tokens=142.00
lr=5.000e-05
[training info] mode=sft epoch=85 step=10/3206 metrics=cnt=10
total_loss=0.00
qa_cot_loss=0.00
qa_sft_tokens=704.00
qa_main_sft_loss=0.00
qa_main_sft_tokens=614.70
qa_relevance_sft_loss=0.00
qa_relevance_sft_tokens=89.30
lr=5.000e-05
[training info] mode=sft epoch=85 step=50/3206 metrics=cnt=40
total_loss=0.00
qa_cot_loss=0.00
qa_sft_tokens=807.95
qa_main_sft_loss=0.00
qa_main_sft_tokens=723.35
qa_relevance_sft_loss=0.00
qa_relevance_sft_tokens=84.60
lr=5.000e-05
[training info] mode=sft epoch=85 step=100/3206 metrics=cnt=50
total_loss=0.00
qa_cot_loss=0.00
qa_sft_tokens=745.48
qa_main_sft_loss=0.00
qa_main_sft_tokens=656.60
qa_relevance_sft_loss=0.00
qa_relevance_sft_tokens=88.88
lr=5.000e-05
[training info] mode=sft epoch=85 step=1000/3206 metrics=cnt=900
total_loss=0.00
qa_cot_loss=0.00
qa_sft_tokens=738.08
qa_main_sft_loss=0.00
qa_main_sft_tokens=647.06
qa_relevance_sft_loss=0.00
qa_relevance_sft_tokens=91.02
lr=5.000e-05
[2026-09-08 13:53:00,341] [INFO] [AiScheduler#1] [executor.py:361] execute_once running, len(finish_tasks): [0]
[training info] mode=sft epoch=85 step=2000/3206 metrics=cnt=1000
total_loss=0.00
qa_cot_loss=0.00
qa_sft_tokens=776.62
qa_main_sft_loss=0.00
qa_main_sft_tokens=686.88
qa_relevance_sft_loss=0.00
qa_relevance_sft_tokens=89.73
lr=5.000e-05
